"brand_id","brand_name","dosage_form","strength","url"
"37637","A to Z Silver","Tablet","","https://medex.com.bd/brands/37637/a-to-z-silver-tablet"
"28505","Amitip","Tablet","25 mg","https://medex.com.bd/brands/28505/amitip-25-mg-tablet"
"28654","Adribin","IV Infusion","2 mg/ml","https://medex.com.bd/brands/28654/adribin-2-mg-iv-infusion"
"28638","Arofrez","Tablet","2.5 mg","https://medex.com.bd/brands/28638/arofrez-25-mg-tablet"
"28633","Algita D","Tablet","500 mg+200 IU","https://medex.com.bd/brands/28633/algita-d-500-mg-tablet"
"28573","Ace Power","Tablet","1000 mg","https://medex.com.bd/brands/28573/ace-power-1000-mg-tablet"
"28501","Activa","Tablet","50 mg","https://medex.com.bd/brands/28501/activa-50-mg-tablet"
"28398","Azbec","Metered-Dose Inhaler (MDI)","250 mcg/puff","https://medex.com.bd/brands/28398/azbec-250-mcg-metered-dose-inhaler"
"28473","Artifresh","Ophthalmic Gel","0.25%+0.3%","https://medex.com.bd/brands/28473/artifresh-025-03-eye-gel"
"28673","Ambrotus","Syrup","15 mg/5 ml","https://medex.com.bd/brands/28673/ambrotus-15-mg-syrup"
"28502","Activa","Tablet","100 mg","https://medex.com.bd/brands/28502/activa-100-mg-tablet"
"28504","Amitip","Tablet","10 mg","https://medex.com.bd/brands/28504/amitip-10-mg-tablet"
"37916","B Easy","Tablet","5 mg","https://medex.com.bd/brands/37916/b-easy-5-mg-tablet"
"32930","B Easy","Tablet","10 mg","https://medex.com.bd/brands/32930/b-easy-10-mg-tablet"
"39323","B stop","Capsule","500 mg","https://medex.com.bd/brands/39323/b-stop-500-mg-capsule"
"30304","Benzenod","Capsule","3 mg","https://medex.com.bd/brands/30304/benzenod-3-mg-capsule"
"30396","Budetrol","Dry Powder Inhalation Capsule (DPI)","100 mcg+6 mcg","https://medex.com.bd/brands/30396/budetrol-100-mcg-inhalation-capsule"
"30353","Bactamox","Pediatric Drops","125 mg/1.25 ml","https://medex.com.bd/brands/30353/bactamox-125-mg-pediatric-drop"
"30350","Belsar","Tablet","40 mg","https://medex.com.bd/brands/30350/belsar-40-mg-tablet"
"30349","Belsar","Tablet","20 mg","https://medex.com.bd/brands/30349/belsar-20-mg-tablet"
"30348","Belinta","Tablet","60 mg","https://medex.com.bd/brands/30348/belinta-60-mg-tablet"
"30325","Bio-Oral Saline","Oral Powder","10.25 gm","https://medex.com.bd/brands/30325/bio-oral-saline-1025-gm-oral-powder"
"30323","BioMonas","Tablet","10 mg","https://medex.com.bd/brands/30323/biomonas-10-mg-tablet"
"30244","Bilanex","Tablet","20 mg","https://medex.com.bd/brands/30244/bilanex-20-mg-tablet"
"28936","Carboplatin","IV Infusion","10 mg/ml","https://medex.com.bd/brands/28936/carboplatin-10-mg-iv-infusion"
"28945","Crinone","Vaginal Gel","8%","https://medex.com.bd/brands/28945/crinone-8-vaginal-gel"
"28991","Carbeshot","IV Injection","100 mcg/ml","https://medex.com.bd/brands/28991/carbeshot-100-mcg-injection"
"28992","Cleo 35","Tablet","2 mg+0.035 mg","https://medex.com.bd/brands/28992/cleo-35-2-mg-tablet"
"28993","Cloplet","Tablet","75 mg","https://medex.com.bd/brands/28993/cloplet-75-mg-tablet"
"29003","Cefoject","IM/IV Injection","1 gm/vial","https://medex.com.bd/brands/29003/cefoject-1-gm-imiv-injection"
"29049","Capsidox","Capsule","100 mg","https://medex.com.bd/brands/29049/capsidox-100-mg-capsule"
"29062","Care-on","Cream","0.1%+0.5%","https://medex.com.bd/brands/29062/care-on-01-05-cream"
"29063","Care-on","Solution","0.3%+3%","https://medex.com.bd/brands/29063/care-on-03-3-solution"
"29121","Caloprid","Tablet","1 mg","https://medex.com.bd/brands/29121/caloprid-1-mg-tablet"
"29117","Celeste","Tablet","20 mg","https://medex.com.bd/brands/29117/celeste-20-mg-tablet"
"10095","D Metro","Oral Suspension","200 mg/5 ml","https://medex.com.bd/brands/10095/d-metro-200-mg-oral-suspension"
"10094","D Metro","Tablet","400 mg","https://medex.com.bd/brands/10094/d-metro-400-mg-tablet"
"38316","D White- Even Skin Tone","Cream","","https://medex.com.bd/brands/38316/d-white-even-skin-tone-cream"
"29897","DicloGel","Gel","1% w/w","https://medex.com.bd/brands/29897/diclogel-1-w-gel"
"29879","Diastat","Tablet","25 mg","https://medex.com.bd/brands/29879/diastat-25-mg-tablet"
"29900","Darven","Tablet","5 mg","https://medex.com.bd/brands/29900/darven-5-mg-tablet"
"29901","Darven","Tablet","10 mg","https://medex.com.bd/brands/29901/darven-10-mg-tablet"
"29935","Deloxi","Capsule (Delayed Release)","20 mg","https://medex.com.bd/brands/29935/deloxi-20-mg-dr-capsule"
"29936","Deloxi","Capsule (Delayed Release)","60 mg","https://medex.com.bd/brands/29936/deloxi-60-mg-dr-capsule"
"29994","Dulamet","Metered-Dose Inhaler (MDI)","(100 mcg+5 mcg)/puff","https://medex.com.bd/brands/29994/dulamet-100-mcg-metered-dose-inhaler"
"29995","Dulamet","Metered-Dose Inhaler (MDI)","(200 mcg+5 mcg)/puff","https://medex.com.bd/brands/29995/dulamet-200-mcg-metered-dose-inhaler"
"13950","E 200","Chewable Tablet","200 IU","https://medex.com.bd/brands/13950/e-200-200-iu-chewable-tablet"
"13951","E 400","Chewable Tablet","400 IU","https://medex.com.bd/brands/13951/e-400-400-iu-chewable-tablet"
"30089","Eval CR","Tablet (Controlled Release)","500 mg","https://medex.com.bd/brands/30089/eval-cr-500-mg-cr-tablet"
"30086","Erdolin","Capsule","300 mg","https://medex.com.bd/brands/30086/erdolin-300-mg-capsule"
"30087","Eval CR","Tablet (Controlled Release)","200 mg","https://medex.com.bd/brands/30087/eval-cr-200-mg-cr-tablet"
"30088","Eval CR","Tablet (Controlled Release)","300 mg","https://medex.com.bd/brands/30088/eval-cr-300-mg-cr-tablet"
"30233","Ezyfeel","Tablet","10 mg","https://medex.com.bd/brands/30233/ezyfeel-10-mg-tablet"
"30352","Ertivix","Tablet","1 mg","https://medex.com.bd/brands/30352/ertivix-1-mg-tablet"
"30234","Ezyfeel","Oral Solution","5 mg/5 ml","https://medex.com.bd/brands/30234/ezyfeel-5-mg-oral-solution"
"30351","Ertivix","Tablet","0.5 mg","https://medex.com.bd/brands/30351/ertivix-05-mg-tablet"
"28680","Fravir","Tablet","200 mg","https://medex.com.bd/brands/28680/fravir-200-mg-tablet"
"28534","Flurate","Ophthalmic Suspension","0.1%","https://medex.com.bd/brands/28534/flurate-01-ophthalmic-suspension"
"28536","Feroplus TR","Capsule (Timed Release)","200 mg+200 mcg","https://medex.com.bd/brands/28536/feroplus-tr-200-mg-tr-capsule"
"28537","Feroplus Z SR","Capsule (Sustained Release)","150 mg+0.5 mg+61.8 mg","https://medex.com.bd/brands/28537/feroplus-z-sr-150-mg-sr-capsule"
"28538","Frudema","Tablet","40 mg","https://medex.com.bd/brands/28538/frudema-40-mg-tablet"
"28621","Favinil","Tablet","200 mg","https://medex.com.bd/brands/28621/favinil-200-mg-tablet"
"28699","Fortior","Capsule","300 mg","https://medex.com.bd/brands/28699/fortior-300-mg-capsule"
"28758","Fexozen","Tablet","60 mg","https://medex.com.bd/brands/28758/fexozen-60-mg-tablet"
"28757","Fexozen","Tablet","120 mg","https://medex.com.bd/brands/28757/fexozen-120-mg-tablet"
"28533","FreFast","Cream","30%+10%+4%","https://medex.com.bd/brands/28533/frefast-30-10-cream"
"28697","Fabetor","Tablet","60 mg","https://medex.com.bd/brands/28697/fabetor-60-mg-tablet"
"28684","Favitab","Tablet","200 mg","https://medex.com.bd/brands/28684/favitab-200-mg-tablet"
"13587","G-Vitamin B1","Tablet","100 mg","https://medex.com.bd/brands/13587/g-vitamin-b1-100-mg-tablet"
"16483","G-Ergometrine","Injection","0.2 mg/ml","https://medex.com.bd/brands/16483/g-ergometrine-02-mg-injection"
"16482","G-Ergometrine","Tablet","0.125 mg","https://medex.com.bd/brands/16482/g-ergometrine-0125-mg-tablet"
"27114","G-Albendazole","Chewable Tablet","400 mg","https://medex.com.bd/brands/27114/g-albendazole-400-mg-chewable-tablet"
"13925","G-Vitamin C","Chewable Tablet","250 mg","https://medex.com.bd/brands/13925/g-vitamin-c-250-mg-chewable-tablet"
"6896","G-Cefradine","Capsule","500 mg","https://medex.com.bd/brands/6896/g-cefradine-500-mg-capsule"
"6897","G-Cefradine","Powder for Suspension","125 mg/5 ml","https://medex.com.bd/brands/6897/g-cefradine-125-mg-powder-for-suspension"
"6898","G-Cefradine","Pediatric Drops","125 mg/1.25 ml","https://medex.com.bd/brands/6898/g-cefradine-125-mg-pediatric-drop"
"11275","G-Ibuprofen","Tablet","400 mg","https://medex.com.bd/brands/11275/g-ibuprofen-400-mg-tablet"
"13607","G-Vitamin B2","Tablet","5 mg","https://medex.com.bd/brands/13607/g-vitamin-b2-5-mg-tablet"
"13626","G-Vitamin B6","Tablet","25 mg","https://medex.com.bd/brands/13626/g-vitamin-b6-25-mg-tablet"
"6899","G-Cefradine","IM/IV Injection","500 mg/vial","https://medex.com.bd/brands/6899/g-cefradine-500-mg-imiv-injection"
"318","H Ben","Chewable Tablet","400 mg","https://medex.com.bd/brands/318/h-ben-400-mg-chewable-tablet"
"29667","Helax","Tablet","130.43 mg+86.96 mg+18.12mg","https://medex.com.bd/brands/29667/helax-13043-mg-tablet"
"29858","Hepanor","Capsule","140 mg","https://medex.com.bd/brands/29858/hepanor-140-mg-capsule"
"29668","Hepalgin","Tablet","","https://medex.com.bd/brands/29668/hepalgin-tablet"
"29669","Hermin","Tablet","","https://medex.com.bd/brands/29669/hermin-tablet"
"29703","Hamdard Chyabanprash","Semisolid Preparation","","https://medex.com.bd/brands/29703/hamdard-chyabanprash-semisolid-preparation"
"29705","Hamdard Hand Sanitizer","Hand Rub","75%+0.125%+1.45%","https://medex.com.bd/brands/29705/hamdard-hand-sanitizer-75-0125-hand-rub"
"16192","I Care","Capsule","60 mg+30 mg+6 mg+2 mg+15 mg","https://medex.com.bd/brands/16192/i-care-60-mg-capsule"
"29898","Intafenac","Ophthalmic Solution","0.1%","https://medex.com.bd/brands/29898/intafenac-01-eye-drop"
"29603","Ig VENA","IV Injection or Infusion","5 gm/100 ml","https://medex.com.bd/brands/29603/ig-vena-5-gm-iv-injection"
"29604","Ig VENA","IV Injection or Infusion","2.5 gm/50 ml","https://medex.com.bd/brands/29604/ig-vena-25-gm-iv-injection"
"29670","Icturn","Syrup","","https://medex.com.bd/brands/29670/icturn-syrup"
"29671","Insperm","Tablet","","https://medex.com.bd/brands/29671/insperm-tablet"
"29672","Ispaghol","Effervescent Powder","3.5 gm/5.4 gm","https://medex.com.bd/brands/29672/ispaghol-35-gm-eff-powder"
"29790","Itracon","Tablet","200 mg","https://medex.com.bd/brands/29790/itracon-200-mg-tablet"
"29803","Imitab","Tablet","100 mg","https://medex.com.bd/brands/29803/imitab-100-mg-tablet"
"29804","Imitab","Tablet","400 mg","https://medex.com.bd/brands/29804/imitab-400-mg-tablet"
"35100","Jardimet XR","Tablet (Extended Release)","5 mg+1000 mg","https://medex.com.bd/brands/35100/jardimet-xr-5-mg-xr-tablet"
"33192","Jointcare Plus","Tablet","750 mg+50 mg","https://medex.com.bd/brands/33192/jointcare-plus-750-mg-tablet"
"34154","Jointfree DA","Tablet","1500 mg+1200 mg","https://medex.com.bd/brands/34154/jointfree-da-1500-mg-tablet"
"34251","Janmet XR","Tablet (Extended Release)","50 mg+500 mg","https://medex.com.bd/brands/34251/janmet-xr-50-mg-xr-tablet"
"34286","Juci Diet","Oral Powder","500 mg","https://medex.com.bd/brands/34286/juci-diet-500-mg-oral-powder"
"34561","Joint Plus","Tablet","250 mg+200 mg","https://medex.com.bd/brands/34561/joint-plus-250-mg-tablet"
"34899","Jointec Pro","Tablet","750 mg+600 mg","https://medex.com.bd/brands/34899/jointec-pro-750-mg-tablet"
"34965","Joly","Cream","0.1%+0.5%","https://medex.com.bd/brands/34965/joly-01-05-cream"
"35707","Jefenac","Gel","1% w/w","https://medex.com.bd/brands/35707/jefenac-1-w-gel"
"35598","Joyxit","Tablet","0.5 mg+10 mg","https://medex.com.bd/brands/35598/joyxit-05-mg-tablet"
"35376","Jasocaine","Injection","4%","https://medex.com.bd/brands/35376/jasocaine-4-injection"
"35708","Jefenac","Tablet","50 mg","https://medex.com.bd/brands/35708/jefenac-50-mg-tablet"
"27181","Kvit-B","IM/IV Injection","(50 mg+5.48 mg+100 mg+5 mg+10 mg)/2 ml","https://medex.com.bd/brands/27181/kvit-b-50-mg-imiv-injection"
"26765","Kezona","Tablet","200 mg","https://medex.com.bd/brands/26765/kezona-200-mg-tablet"
"26870","Kidsgro","Syrup","","https://medex.com.bd/brands/26870/kidsgro-syrup"
"26920","Kindical-D","Tablet","500 mg+200 IU","https://medex.com.bd/brands/26920/kindical-d-500-mg-tablet"
"27050","Koolmint","Cream","30%+8%","https://medex.com.bd/brands/27050/koolmint-30-8-cream"
"27107","Kadcyla","IV Infusion","160 mg/vial","https://medex.com.bd/brands/27107/kadcyla-160-mg-iv-infusion"
"27177","Kflam","IM/IV Injection","60 mg/2 ml","https://medex.com.bd/brands/27177/kflam-60-mg-imiv-injection"
"27577","Knil","IM/IV Injection","60 mg/2 ml","https://medex.com.bd/brands/27577/knil-60-mg-imiv-injection"
"28008","Kofsol","Syrup","","https://medex.com.bd/brands/28008/kofsol-syrup"
"27806","Kenodol","IM/IV Injection","60 mg/2 ml","https://medex.com.bd/brands/27806/kenodol-60-mg-imiv-injection"
"26764","Ketonic","IM/IV Injection","60 mg/2 ml","https://medex.com.bd/brands/26764/ketonic-60-mg-imiv-injection"
"27576","Ketoprix","IM/IV Injection","60 mg/2 ml","https://medex.com.bd/brands/27576/ketoprix-60-mg-imiv-injection"
"29951","Lipicon","Tablet","40 mg","https://medex.com.bd/brands/29951/lipicon-40-mg-tablet"
"30213","Labegest","IV Injection or Infusion","50 mg/10 ml","https://medex.com.bd/brands/30213/labegest-50-mg-iv-injection"
"30209","Lotepro DS","Ophthalmic Suspension","1%","https://medex.com.bd/brands/30209/lotepro-ds-1-ophthalmic-suspension"
"30207","Lupred","Ophthalmic Emulsion","0.05%","https://medex.com.bd/brands/30207/lupred-005-ophthalmic-emulsion"
"30170","Lyta 28","Tablet","0.03 mg+0.15 mg+75 mg","https://medex.com.bd/brands/30170/lyta-28-003-mg-tablet"
"30169","Lamogin","Dispersible Tablet","5 mg","https://medex.com.bd/brands/30169/lamogin-5-mg-dispersible-tablet"
"30168","Lamogin","Dispersible Tablet","2 mg","https://medex.com.bd/brands/30168/lamogin-2-mg-dispersible-tablet"
"29984","Laxpru","Tablet","2 mg","https://medex.com.bd/brands/29984/laxpru-2-mg-tablet"
"29983","Laxpru","Tablet","1 mg","https://medex.com.bd/brands/29983/laxpru-1-mg-tablet"
"29788","Lucazol","Cream","1%","https://medex.com.bd/brands/29788/lucazol-1-cream"
"4053","M Boss","Syrup","15 mg/5 ml","https://medex.com.bd/brands/4053/m-boss-15-mg-syrup"
"38546","M Plus Kit","Tablet","200 mg+200 mcg","https://medex.com.bd/brands/38546/m-plus-kit-200-mg-tablet"
"28902","Myocor","Tablet","5 mg","https://medex.com.bd/brands/28902/myocor-5-mg-tablet"
"28849","Mavixen","Tablet","100 mg+40 mg","https://medex.com.bd/brands/28849/mavixen-100-mg-tablet"
"28862","Millat malam","Ointment","0.1%+1%+2%","https://medex.com.bd/brands/28862/millat-malam-01-1-ointment"
"28876","Magaplus","Oral Suspension","400 mg/5 ml","https://medex.com.bd/brands/28876/magaplus-400-mg-oral-suspension"
"28881","Menopa","Capsule","40 mg","https://medex.com.bd/brands/28881/menopa-40-mg-capsule"
"28900","Mepen","IV Injection or Infusion","500 mg/vial","https://medex.com.bd/brands/28900/mepen-500-mg-iv-injection"
"28901","Mepen","IV Injection or Infusion","1 gm/vial","https://medex.com.bd/brands/28901/mepen-1-gm-iv-injection"
"28934","Minipress XL","Tablet (Extended Release)","5 mg","https://medex.com.bd/brands/28934/minipress-xl-5-mg-xr-tablet"
"28933","Minipress XL","Tablet (Extended Release)","2.5 mg","https://medex.com.bd/brands/28933/minipress-xl-25-mg-xr-tablet"
"28932","Medrol","Tablet","16 mg","https://medex.com.bd/brands/28932/medrol-16-mg-tablet"
"8662","N Zith","Tablet","500 mg","https://medex.com.bd/brands/8662/n-zith-500-mg-tablet"
"30679","N Hexin","Syrup","4 mg/5 ml","https://medex.com.bd/brands/30679/n-hexin-4-mg-syrup"
"28826","Neuroxen","Tablet","100 mg+200 mg+200 mcg","https://medex.com.bd/brands/28826/neuroxen-100-mg-tablet"
"29037","Neocal M Vita","Effervescent Tablet","","https://medex.com.bd/brands/29037/neocal-m-vita-eff-tablet"
"29024","Natfol","Tablet","5 mg","https://medex.com.bd/brands/29024/natfol-5-mg-tablet"
"28935","Nordette 28","Tablet","0.03 mg+0.15 mg+75 mg","https://medex.com.bd/brands/28935/nordette-28-003-mg-tablet"
"28928","Napgin","Tablet","500 mg","https://medex.com.bd/brands/28928/napgin-500-mg-tablet"
"28877","Norpress","Tablet","100 mg","https://medex.com.bd/brands/28877/norpress-100-mg-tablet"
"28657","Neoclomide","IV Infusion","500 mg/vial","https://medex.com.bd/brands/28657/neoclomide-500-mg-iv-infusion"
"14810","O Saline N","Oral Powder","10.25 gm","https://medex.com.bd/brands/14810/o-saline-n-1025-gm-oral-powder"
"14823","O Fruity Saline","Oral Powder","10 gm/sachet","https://medex.com.bd/brands/14823/o-fruity-saline-10-gm-oral-powder"
"28818","Ostelin-D","Tablet","500 mg+200 IU","https://medex.com.bd/brands/28818/ostelin-d-500-mg-tablet"
"28852","Onesol","Hand Rub","66%+3.5%","https://medex.com.bd/brands/28852/onesol-66-35-hand-rub"
"28851","Omazif-CI","Capsule (Timed Release)","50 mg+0.50 mg+61.80 mg","https://medex.com.bd/brands/28851/omazif-ci-50-mg-tr-capsule"
"28850","Onesol Advance","Hand Rub","0.5%+70%","https://medex.com.bd/brands/28850/onesol-advance-05-70-hand-rub"
"28845","Obeliva","Tablet","10 mg","https://medex.com.bd/brands/28845/obeliva-10-mg-tablet"
"28844","Obeliva","Tablet","5 mg","https://medex.com.bd/brands/28844/obeliva-5-mg-tablet"
"28833","Osimert","Tablet","80 mg","https://medex.com.bd/brands/28833/osimert-80-mg-tablet"
"28832","Olanib","Tablet","150 mg","https://medex.com.bd/brands/28832/olanib-150-mg-tablet"
"28819","Onaxen","Oral Solution","4 mg/5 ml","https://medex.com.bd/brands/28819/onaxen-4-mg-oral-solution"
"28571","Odatron","IM/IV Injection","2 mg/ml","https://medex.com.bd/brands/28571/odatron-2-mg-imiv-injection"
"2401","P Lac","Oral Solution","3.35 gm/5 ml","https://medex.com.bd/brands/2401/p-lac-335-gm-oral-solution"
"10278","P Phos","Tablet","15 mg","https://medex.com.bd/brands/10278/p-phos-15-mg-tablet"
"29238","Prex-3","Capsule","400 mg","https://medex.com.bd/brands/29238/prex-3-400-mg-capsule"
"29166","Painmove","Cream","30%+8%","https://medex.com.bd/brands/29166/painmove-30-8-cream"
"29221","PulmoCare","Metered-Dose Inhaler (MDI)","100 mcg/puff","https://medex.com.bd/brands/29221/pulmocare-100-mcg-metered-dose-inhaler"
"29222","Povidex","Solution","10% w/v","https://medex.com.bd/brands/29222/povidex-10-w-solution"
"29237","Prex-3","Capsule","200 mg","https://medex.com.bd/brands/29237/prex-3-200-mg-capsule"
"29279","Primocef","IV Injection","1.5 gm/vial","https://medex.com.bd/brands/29279/primocef-15-gm-injection"
"29278","Primocef","IM/IV Injection","750 mg/vial","https://medex.com.bd/brands/29278/primocef-750-mg-imiv-injection"
"29258","Prilosec","Tablet (Enteric Coated)","40 mg","https://medex.com.bd/brands/29258/prilosec-40-mg-ec-tablet"
"36567","Q Care","Capsule","100 mg","https://medex.com.bd/brands/36567/q-care-100-mg-capsule"
"331","Q Ben DS","Chewable Tablet","400 mg","https://medex.com.bd/brands/331/q-ben-ds-400-mg-chewable-tablet"
"36566","Q Care","Capsule","50 mg","https://medex.com.bd/brands/36566/q-care-50-mg-capsule"
"39145","Q Care","Capsule","200 mg","https://medex.com.bd/brands/39145/q-care-200-mg-capsule"
"35862","Queta XR","Tablet (Extended Release)","300 mg","https://medex.com.bd/brands/35862/queta-xr-300-mg-xr-tablet"
"34165","QTP","Tablet","25 mg","https://medex.com.bd/brands/34165/qtp-25-mg-tablet"
"36031","Quick Check","Test strip","","https://medex.com.bd/brands/36031/quick-check-test-strip"
"31114","Ratirex","Tablet","90 mg","https://medex.com.bd/brands/31114/ratirex-90-mg-tablet"
"30980","Rivosis","Tablet","10 mg","https://medex.com.bd/brands/30980/rivosis-10-mg-tablet"
"31001","Radivit-D","Capsule","50000 IU","https://medex.com.bd/brands/31001/radivit-d-50000-iu-capsule"
"31097","Rosen Plus","Tablet","0.03 mg+3 mg+0.415 mg","https://medex.com.bd/brands/31097/rosen-plus-003-mg-tablet"
"31099","Rivotril","Tablet","1 mg","https://medex.com.bd/brands/31099/rivotril-1-mg-tablet"
"31111","Rolamax","Tablet","10 mg","https://medex.com.bd/brands/31111/rolamax-10-mg-tablet"
"31204","Renapine","Tablet","100 mg","https://medex.com.bd/brands/31204/renapine-100-mg-tablet"
"31206","Rivaren","Capsule","3 mg","https://medex.com.bd/brands/31206/rivaren-3-mg-capsule"
"31205","Renapine","Tablet","25 mg","https://medex.com.bd/brands/31205/renapine-25-mg-tablet"
"30938","Retigel","Topical Gel","0.05%","https://medex.com.bd/brands/30938/retigel-005-topical-gel"
"31188","Rivatig","Capsule","1.5 mg","https://medex.com.bd/brands/31188/rivatig-15-mg-capsule"
"31115","Radifylline","Tablet","200 mg","https://medex.com.bd/brands/31115/radifylline-200-mg-tablet"
"30186","Simplovir","Oral Suspension","200 mg/5 ml","https://medex.com.bd/brands/30186/simplovir-200-mg-oral-suspension"
"30070","Synamet Plus","Tablet","50 mg+12.5 mg +200 mg","https://medex.com.bd/brands/30070/synamet-plus-50-mg-tablet"
"30071","Synamet Plus","Tablet","100 mg+25 mg+200 mg","https://medex.com.bd/brands/30071/synamet-plus-100-mg-tablet"
"30103","Saltide","Metered-Dose Inhaler (MDI)","100 mcg/puff","https://medex.com.bd/brands/30103/saltide-100-mcg-metered-dose-inhaler"
"30104","Saltide","Nebuliser Solution","2.5 mg/3 ml","https://medex.com.bd/brands/30104/saltide-25-mg-nebuliser-solution"
"30105","Seroquet ER","Tablet (Extended Release)","50 mg","https://medex.com.bd/brands/30105/seroquet-er-50-mg-xr-tablet"
"30142","Synamet","Tablet","100 mg+25 mg","https://medex.com.bd/brands/30142/synamet-100-mg-tablet"
"30182","Serivan","Tablet","17 mg","https://medex.com.bd/brands/30182/serivan-17-mg-tablet"
"30191","Sporium Max","Ophthalmic Solution","0.09%","https://medex.com.bd/brands/30191/sporium-max-009-eye-drop"
"30190","Sudokof","Syrup","(20 mg+10 mg+2.5 mg)/5 ml","https://medex.com.bd/brands/30190/sudokof-20-mg-syrup"
"30189","Sidobac","IM/IV Injection","500 mg/vial","https://medex.com.bd/brands/30189/sidobac-500-mg-imiv-injection"
"30400","Telmitan","Tablet","20 mg","https://medex.com.bd/brands/30400/telmitan-20-mg-tablet"
"30204","Tocoban","IV Infusion","37.5 mg/5 ml","https://medex.com.bd/brands/30204/tocoban-375-mg-iv-infusion"
"30205","Trihexy","Tablet","1 mg","https://medex.com.bd/brands/30205/trihexy-1-mg-tablet"
"30247","Taglimet","Tablet","50 mg+1000 mg","https://medex.com.bd/brands/30247/taglimet-50-mg-tablet"
"30248","Taglimet","Tablet","50 mg+500 mg","https://medex.com.bd/brands/30248/taglimet-50-mg-tablet"
"30374","Tofenver","Tablet","1 mg","https://medex.com.bd/brands/30374/tofenver-1-mg-tablet"
"30424","Toco Soft","Capsule","50 mg + 13.5 mg","https://medex.com.bd/brands/30424/toco-soft-50-mg-capsule"
"30439","Tdcef","Capsule","400 mg","https://medex.com.bd/brands/30439/tdcef-400-mg-capsule"
"30438","Tdcef","Capsule","200 mg","https://medex.com.bd/brands/30438/tdcef-200-mg-capsule"
"30437","Tdcef","Tablet","400 mg","https://medex.com.bd/brands/30437/tdcef-400-mg-tablet"
"30203","Tocoban","IV Infusion","6.75 mg/0.9 ml","https://medex.com.bd/brands/30203/tocoban-675-mg-iv-infusion"
"34189","Uparen","Tablet (Extended Release)","15 mg","https://medex.com.bd/brands/34189/uparen-15-mg-xr-tablet"
"34091","Uforane","Nebuliser Solution","100% v/v","https://medex.com.bd/brands/34091/uforane-100-v-nebuliser-solution"
"34569","Ursoglen","Tablet","300 mg","https://medex.com.bd/brands/34569/ursoglen-300-mg-tablet"
"34676","Ultra-Fine","Pen Needle","4 mm","https://medex.com.bd/brands/34676/ultra-fine-4-mm-pen-needle"
"34616","Uritro","Oral Suspension","25 mg/5 ml","https://medex.com.bd/brands/34616/uritro-25-mg-oral-suspension"
"34276","Uramed","Cream","10% w/w","https://medex.com.bd/brands/34276/uramed-10-w-cream"
"34895","V Wash","Topical Solution","1.2% w/v","https://medex.com.bd/brands/34895/v-wash-12-w-topical-solution"
"39554","V One","Tablet","200 mg","https://medex.com.bd/brands/39554/v-one-200-mg-tablet"
"31877","Vironex","Tablet","0.5 mg","https://medex.com.bd/brands/31877/vironex-05-mg-tablet"
"32304","Vesinac","Tablet","5 mg","https://medex.com.bd/brands/32304/vesinac-5-mg-tablet"
"32168","Vomiren","Tablet","0.5 mg","https://medex.com.bd/brands/32168/vomiren-05-mg-tablet"
"32107","Vefend","Tablet","50 mg","https://medex.com.bd/brands/32107/vefend-50-mg-tablet"
"32070","Vonazol","Tablet","50 mg","https://medex.com.bd/brands/32070/vonazol-50-mg-tablet"
"32069","Vonazol","Tablet","200 mg","https://medex.com.bd/brands/32069/vonazol-200-mg-tablet"
"32035","Vefend","Tablet","200 mg","https://medex.com.bd/brands/32035/vefend-200-mg-tablet"
"31983","Vcand","Tablet","200 mg","https://medex.com.bd/brands/31983/vcand-200-mg-tablet"
"31728","Valporin CR","Tablet (Controlled Release)","300 mg","https://medex.com.bd/brands/31728/valporin-cr-300-mg-cr-tablet"
"31815","Vcent","Tablet","200 mg","https://medex.com.bd/brands/31815/vcent-200-mg-tablet"
"33794","Wash N Care","Hand Rub","0.5%+70%","https://medex.com.bd/brands/33794/wash-n-care-05-70-hand-rub"
"30640","Whitfield","Ointment","6%+3%","https://medex.com.bd/brands/30640/whitfield-6-3-ointment"
"31156","Wellmet","Tablet","850 mg","https://medex.com.bd/brands/31156/wellmet-850-mg-tablet"
"31157","Wellmet","Tablet","500 mg","https://medex.com.bd/brands/31157/wellmet-500-mg-tablet"
"33020","Water for injection","Liquid","5 ml/ampoule","https://medex.com.bd/brands/33020/water-for-injection-5-ml-liquid"
"33021","Water for injection","Liquid","10 ml/ampoule","https://medex.com.bd/brands/33021/water-for-injection-10-ml-liquid"
"33580","Womecal-D","Tablet","500 mg+200 IU","https://medex.com.bd/brands/33580/womecal-d-500-mg-tablet"
"34507","WellFine 32G","Pen Needle","4 mm","https://medex.com.bd/brands/34507/wellfine-32g-4-mm-pen-needle"
"35291","Winolip","Tablet","180 mg","https://medex.com.bd/brands/35291/winolip-180-mg-tablet"
"35288","Winolip EZ","Tablet","180 mg + 10 mg","https://medex.com.bd/brands/35288/winolip-ez-180-mg-tablet"
"30495","Wandara","IM/IV Injection","1 gm/vial","https://medex.com.bd/brands/30495/wandara-1-gm-imiv-injection"
"34449","Waxnil","Ear Drop","5% w/v","https://medex.com.bd/brands/34449/waxnil-5-w-ear-drop"
"11234","X Dol","Tablet","120 mg","https://medex.com.bd/brands/11234/x-dol-120-mg-tablet"
"11233","X Dol","Tablet","90 mg","https://medex.com.bd/brands/11233/x-dol-90-mg-tablet"
"11232","X Dol","Tablet","60 mg","https://medex.com.bd/brands/11232/x-dol-60-mg-tablet"
"33372","X Lan","Capsule (Enteric Coated)","30 mg","https://medex.com.bd/brands/33372/x-lan-30-mg-ec-capsule"
"33373","X Lan","Capsule (Enteric Coated)","60 mg","https://medex.com.bd/brands/33373/x-lan-60-mg-ec-capsule"
"26604","Xofyl","Tablet","200 mg","https://medex.com.bd/brands/26604/xofyl-200-mg-tablet"
"27096","Xelcoral-D","Tablet","500 mg+200 IU","https://medex.com.bd/brands/27096/xelcoral-d-500-mg-tablet"
"26605","Xofyl","Tablet","400 mg","https://medex.com.bd/brands/26605/xofyl-400-mg-tablet"
"26670","Ximetil","Powder for Suspension","125 mg/5 ml","https://medex.com.bd/brands/26670/ximetil-125-mg-powder-for-suspension"
"26671","Xtrum Gold","Syrup","","https://medex.com.bd/brands/26671/xtrum-gold-syrup"
"26978","Xone-3","IV Injection","2 gm/vial","https://medex.com.bd/brands/26978/xone-3-2-gm-injection"
"27097","Xelcoral-DX","Tablet","600 mg+400 IU","https://medex.com.bd/brands/27097/xelcoral-dx-600-mg-tablet"
"37610","Yonex","IM/IV Injection","2 MIU (68 mg)","https://medex.com.bd/brands/37610/yonex-2-miu-imiv-injection"
"39720","Yocon","Capsule","5.4 mg","https://medex.com.bd/brands/39720/yocon-54-mg-capsule"
"38424","Yagel","Capsule","350 mg","https://medex.com.bd/brands/38424/yagel-350-mg-capsule"
"38263","Yuflyma","SC Injection","40 mg/0.4 ml","https://medex.com.bd/brands/38263/yuflyma-40-mg-sc-injection"
"37781","Yuwell (YE680A)","BP Monitor Device","Digital blood pressure monitor","https://medex.com.bd/brands/37781/yuwell-ye680a-digital-blood-bp-monitor-device"
"37779","Yuwell (YE680B)","BP Monitor Device","Digital blood pressure monitor","https://medex.com.bd/brands/37779/yuwell-ye680b-digital-blood-bp-monitor-device"
"37778","Yuwell (YE660E)","BP Monitor Device","Digital blood pressure monitor","https://medex.com.bd/brands/37778/yuwell-ye660e-digital-blood-bp-monitor-device"
"37777","Yuwell (YE670A)","BP Monitor Device","Digital blood pressure monitor","https://medex.com.bd/brands/37777/yuwell-ye670a-digital-blood-bp-monitor-device"
"37768","Yuwell (YE660D)","BP Monitor Device","Digital blood pressure monitor","https://medex.com.bd/brands/37768/yuwell-ye660d-digital-blood-bp-monitor-device"
"37609","Yonex","IM/IV Injection","1 MIU (34 mg)","https://medex.com.bd/brands/37609/yonex-1-miu-imiv-injection"
"13318","Z Fol","Capsule (Timed Release)","150 mg+0.5 mg+61.8 mg","https://medex.com.bd/brands/13318/z-fol-150-mg-tr-capsule"
"29272","Zolat","Capsule (Enteric Coated)","20 mg","https://medex.com.bd/brands/29272/zolat-20-mg-ec-capsule"
"29103","Zocil","Tablet","50 mg","https://medex.com.bd/brands/29103/zocil-50-mg-tablet"
"29104","Zocil","Tablet","100 mg","https://medex.com.bd/brands/29104/zocil-100-mg-tablet"
"29173","Zolivox","Tablet","400 mg","https://medex.com.bd/brands/29173/zolivox-400-mg-tablet"
"29174","Zolivox","Tablet","600 mg","https://medex.com.bd/brands/29174/zolivox-600-mg-tablet"
"29270","Zerofen","Tablet (Enteric Coated)","100 mg","https://medex.com.bd/brands/29270/zerofen-100-mg-ec-tablet"
"29271","Zerolent","Tablet","10 mg","https://medex.com.bd/brands/29271/zerolent-10-mg-tablet"
"29783","ZincTab","Tablet","20 mg","https://medex.com.bd/brands/29783/zinctab-20-mg-tablet"
"29771","Zodef","Tablet","24 mg","https://medex.com.bd/brands/29771/zodef-24-mg-tablet"
"29770","Zodef","Tablet","6 mg","https://medex.com.bd/brands/29770/zodef-6-mg-tablet"
"29889","Zerocal","Tablet","6.5 mg","https://medex.com.bd/brands/29889/zerocal-65-mg-tablet"
"26635","AB Kit","Tablet","200 mg+200 mcg","https://medex.com.bd/brands/26635/ab-kit-200-mg-tablet"
"33719","Abeclib","Tablet","150 mg","https://medex.com.bd/brands/33719/abeclib-150-mg-tablet"
"35307","Abexol","Syrup","(200 mg+15 mg+15 mg)/5 ml","https://medex.com.bd/brands/35307/abexol-200-mg-syrup"
"35306","Abex Plus","Syrup","(100 mg+1.1 mg+14 mg)/5 ml","https://medex.com.bd/brands/35306/abex-plus-100-mg-syrup"
"35187","Abiron","Tablet","250 mg","https://medex.com.bd/brands/35187/abiron-250-mg-tablet"
"34958","ABC","Tablet","6 mg+200 mg+50 mg","https://medex.com.bd/brands/34958/abc-6-mg-tablet"
"34002","ABZ","Chewable Tablet","400 mg","https://medex.com.bd/brands/34002/abz-400-mg-chewable-tablet"
"32452","Abeclib","Tablet","200 mg","https://medex.com.bd/brands/32452/abeclib-200-mg-tablet"
"32587","Abicon","Oral Suspension","(500 mg+100 mg)/5 ml","https://medex.com.bd/brands/32587/abicon-500-mg-oral-suspension"
"32905","Abacten","Tablet","500 mg","https://medex.com.bd/brands/32905/abacten-500-mg-tablet"
"8","AC PR","Tablet","100 mg","https://medex.com.bd/brands/8/ac-pr-100-mg-tablet"
"35308","AC PR SR","Tablet (Sustained Release)","200 mg","https://medex.com.bd/brands/35308/ac-pr-sr-200-mg-sr-tablet"
"28237","Acelex","Powder for Suspension","125 mg/5 ml","https://medex.com.bd/brands/28237/acelex-125-mg-powder-for-suspension"
"29708","Acme's Chyabanprash","Semisolid Preparation","","https://medex.com.bd/brands/29708/acmes-chyabanprash-semisolid-preparation"
"29707","Acme's Basok","Syrup","","https://medex.com.bd/brands/29707/acmes-basok-syrup"
"29606","Ace","Syrup","120 mg/5 ml","https://medex.com.bd/brands/29606/ace-120-mg-syrup"
"29168","Actolin","Tablet","4 mg","https://medex.com.bd/brands/29168/actolin-4-mg-tablet"
"27604","Actilyse","IV Infusion","50 mg/50 ml","https://medex.com.bd/brands/27604/actilyse-50-mg-iv-infusion"
"28018","Act","Pediatric Drops","80 mg/ml","https://medex.com.bd/brands/28018/act-80-mg-pediatric-drop"
"29134","Adalimab","SC Injection","40 mg/0.8 ml","https://medex.com.bd/brands/29134/adalimab-40-mg-sc-injection"
"27317","Adcovit","Syrup","(5 mg+2 mg+2 mg+20 mg)/5 ml","https://medex.com.bd/brands/27317/adcovit-5-mg-syrup"
"27318","Admox DS","Capsule","500 mg","https://medex.com.bd/brands/27318/admox-ds-500-mg-capsule"
"27659","Adovas","Syrup","","https://medex.com.bd/brands/27659/adovas-syrup"
"28019","Adorex","Pediatric Drops","5 mg/ml","https://medex.com.bd/brands/28019/adorex-5-mg-pediatric-drop"
"28233","Adinir","Capsule","300 mg","https://medex.com.bd/brands/28233/adinir-300-mg-capsule"
"28234","Adinir","Powder for Suspension","125 mg/5 ml","https://medex.com.bd/brands/28234/adinir-125-mg-powder-for-suspension"
"30076","Adempa","Tablet","25 mg","https://medex.com.bd/brands/30076/adempa-25-mg-tablet"
"30075","Adempa","Tablet","10 mg","https://medex.com.bd/brands/30075/adempa-10-mg-tablet"
"30074","Adagel Plus","Gel","0.1%+2.5%","https://medex.com.bd/brands/30074/adagel-plus-01-25-gel"
"30525","Adgar","Gel","0.3%","https://medex.com.bd/brands/30525/adgar-03-gel"
"3875","Aeronid","Metered-Dose Inhaler (MDI)","200 mcg/puff","https://medex.com.bd/brands/3875/aeronid-200-mcg-metered-dose-inhaler"
"38548","Aeronid","Nebuliser Suspension","1 mg/2 ml","https://medex.com.bd/brands/38548/aeronid-1-mg-nebuliser-suspension"
"38547","Aeronid","Nebuliser Suspension","0.5 mg/2 ml","https://medex.com.bd/brands/38547/aeronid-05-mg-nebuliser-suspension"
"37103","Aegis","Capsule","400 mg","https://medex.com.bd/brands/37103/aegis-400-mg-capsule"
"37102","Aegis","Capsule","200 mg","https://medex.com.bd/brands/37102/aegis-200-mg-capsule"
"34617","Aeron","Oral Granules","4 mg/3.5 gm","https://medex.com.bd/brands/34617/aeron-4-mg-oral-granules"
"33302","Aexidal","Tablet","50 mg","https://medex.com.bd/brands/33302/aexidal-50-mg-tablet"
"33301","Aenixit","Tablet","0.5 mg+10 mg","https://medex.com.bd/brands/33301/aenixit-05-mg-tablet"
"30123","Aerophin","Nebuliser Solution","11.25 mg/0.5 ml","https://medex.com.bd/brands/30123/aerophin-1125-mg-nebuliser-solution"
"28863","Aerovil","Syrup","15 mg/5 ml","https://medex.com.bd/brands/28863/aerovil-15-mg-syrup"
"1297","Aeropac","Pediatric Drops","67 mg/ml","https://medex.com.bd/brands/1297/aeropac-67-mg-pediatric-drop"
"3761","Aeron","Tablet","10 mg","https://medex.com.bd/brands/3761/aeron-10-mg-tablet"
"29752","Afrodic","Tablet","","https://medex.com.bd/brands/29752/afrodic-tablet"
"28011","Afuvin","Tablet","500 mg","https://medex.com.bd/brands/28011/afuvin-500-mg-tablet"
"28035","Afluzole","Powder for Suspension","50 mg/5 ml","https://medex.com.bd/brands/28035/afluzole-50-mg-powder-for-suspension"
"28038","Afluzole","Capsule","150 mg","https://medex.com.bd/brands/28038/afluzole-150-mg-capsule"
"28039","Afluzole","Capsule","50 mg","https://medex.com.bd/brands/28039/afluzole-50-mg-capsule"
"29363","Afixime","Pediatric Drops","25 mg/ml","https://medex.com.bd/brands/29363/afixime-25-mg-pediatric-drop"
"29422","Afexa","Tablet","120 mg","https://medex.com.bd/brands/29422/afexa-120-mg-tablet"
"29423","Afexa","Tablet","180 mg","https://medex.com.bd/brands/29423/afexa-180-mg-tablet"
"29424","Afexa","Oral Suspension","30 mg/5 ml","https://medex.com.bd/brands/29424/afexa-30-mg-oral-suspension"
"38838","Afaz","Tablet","40 mg","https://medex.com.bd/brands/38838/afaz-40-mg-tablet"
"35450","Afalino","Tablet","25 mg","https://medex.com.bd/brands/35450/afalino-25-mg-tablet"
"35451","Afalino","Tablet","50 mg","https://medex.com.bd/brands/35451/afalino-50-mg-tablet"
"413","Agotin","Tablet","25 mg","https://medex.com.bd/brands/413/agotin-25-mg-tablet"
"2453","Agoxin","Tablet","0.25 mg","https://medex.com.bd/brands/2453/agoxin-025-mg-tablet"
"5998","Aggra","Tablet","50 mg","https://medex.com.bd/brands/5998/aggra-50-mg-tablet"
"5999","Aggra","Tablet","100 mg","https://medex.com.bd/brands/5999/aggra-100-mg-tablet"
"14008","Agedefy","Tablet","6 mg+200 mg+50 mg","https://medex.com.bd/brands/14008/agedefy-6-mg-tablet"
"14009","Age M","Tablet","6 mg+200 mg+50 mg","https://medex.com.bd/brands/14009/age-m-6-mg-tablet"
"14721","Age Plus","Tablet","","https://medex.com.bd/brands/14721/age-plus-tablet"
"17938","Aggreno","Capsule (Extended Release)","25 mg+200 mg","https://medex.com.bd/brands/17938/aggreno-25-mg-xr-capsule"
"29642","Agerd","Capsule","","https://medex.com.bd/brands/29642/agerd-capsule"
"30988","Aglip","Tablet","12.5 mg","https://medex.com.bd/brands/30988/aglip-125-mg-tablet"
"30989","Aglip","Tablet","25 mg","https://medex.com.bd/brands/30989/aglip-25-mg-tablet"
"25460","AH","Chewable Tablet","400 mg","https://medex.com.bd/brands/25460/ah-400-mg-chewable-tablet"
"25461","AH","Oral Suspension","200 mg/5 ml","https://medex.com.bd/brands/25461/ah-200-mg-oral-suspension"
"27759","Aire","Tablet","2 mg","https://medex.com.bd/brands/27759/aire-2-mg-tablet"
"37838","Aircast","Tablet","10 mg","https://medex.com.bd/brands/37838/aircast-10-mg-tablet"
"36431","Airfors","Metered-Dose Inhaler (MDI)","(90 mcg+80 mcg)/puff","https://medex.com.bd/brands/36431/airfors-90-mcg-metered-dose-inhaler"
"35972","AirFlow","Chewable Tablet","5 mg","https://medex.com.bd/brands/35972/airflow-5-mg-chewable-tablet"
"35971","AirFlow","Chewable Tablet","4 mg","https://medex.com.bd/brands/35971/airflow-4-mg-chewable-tablet"
"34684","Airup","Chewable Tablet","4 mg","https://medex.com.bd/brands/34684/airup-4-mg-chewable-tablet"
"33582","Airmont","Tablet","10 mg","https://medex.com.bd/brands/33582/airmont-10-mg-tablet"
"32793","AirFlow","Tablet","10 mg","https://medex.com.bd/brands/32793/airflow-10-mg-tablet"
"30889","Airpro","Syrup","1 mg/5 ml","https://medex.com.bd/brands/30889/airpro-1-mg-syrup"
"27988","Airway","Tablet","4 mg","https://medex.com.bd/brands/27988/airway-4-mg-tablet"
"3804","Airup","Tablet","10 mg","https://medex.com.bd/brands/3804/airup-10-mg-tablet"
"27758","Aire","Tablet","1 mg","https://medex.com.bd/brands/27758/aire-1-mg-tablet"
"30904","Ajardy","Tablet","10 mg","https://medex.com.bd/brands/30904/ajardy-10-mg-tablet"
"30905","Ajardy","Tablet","25 mg","https://medex.com.bd/brands/30905/ajardy-25-mg-tablet"
"30906","Ajardy M","Tablet","5 mg+500 mg","https://medex.com.bd/brands/30906/ajardy-m-5-mg-tablet"
"33446","Ajuben","Tablet","6 mg","https://medex.com.bd/brands/33446/ajuben-6-mg-tablet"
"33447","Ajuben","Tablet","12 mg","https://medex.com.bd/brands/33447/ajuben-12-mg-tablet"
"34763","Ajwa","Tablet","10 mg","https://medex.com.bd/brands/34763/ajwa-10-mg-tablet"
"574","Akicin","IM/IV Injection","500 mg/2 ml","https://medex.com.bd/brands/574/akicin-500-mg-imiv-injection"
"21153","Aknill","Topical Gel","0.05%","https://medex.com.bd/brands/21153/aknill-005-topical-gel"
"22755","Aktivex","Tablet","500 mg","https://medex.com.bd/brands/22755/aktivex-500-mg-tablet"
"27698","Aktivex","Tablet","250 mg","https://medex.com.bd/brands/27698/aktivex-250-mg-tablet"
"28327","Akarvia","Tablet","200 mg","https://medex.com.bd/brands/28327/akarvia-200-mg-tablet"
"31608","Akicin","IM/IV Injection","100 mg/2 ml","https://medex.com.bd/brands/31608/akicin-100-mg-imiv-injection"
"33867","Akno","Capsule","10 mg","https://medex.com.bd/brands/33867/akno-10-mg-capsule"
"35286","Aknill","Capsule","20 mg","https://medex.com.bd/brands/35286/aknill-20-mg-capsule"
"35287","Aknill","Capsule","10 mg","https://medex.com.bd/brands/35287/aknill-10-mg-capsule"
"30398","Allertin","Tablet","20 mg","https://medex.com.bd/brands/30398/allertin-20-mg-tablet"
"29868","Aliksir","Capsule","500 mg","https://medex.com.bd/brands/29868/aliksir-500-mg-capsule"
"29873","Alcot","Tablet","800 mg+160 mg","https://medex.com.bd/brands/29873/alcot-800-mg-tablet"
"29924","Allergan","Oral Solution","5 mg/5 ml","https://medex.com.bd/brands/29924/allergan-5-mg-oral-solution"
"30004","Algita DX","Tablet","600 mg+400 IU","https://medex.com.bd/brands/30004/algita-dx-600-mg-tablet"
"30124","Alurol","Tablet","100 mg","https://medex.com.bd/brands/30124/alurol-100-mg-tablet"
"30990","Aloglip","Tablet","6.25 mg","https://medex.com.bd/brands/30990/aloglip-625-mg-tablet"
"30977","Aloglip","Tablet","25 mg","https://medex.com.bd/brands/30977/aloglip-25-mg-tablet"
"30519","Alendon","Tablet","70 mg","https://medex.com.bd/brands/30519/alendon-70-mg-tablet"
"8545","AM","Powder for Suspension","200 mg/5 ml","https://medex.com.bd/brands/8545/am-200-mg-powder-for-suspension"
"8544","AM","Tablet","500 mg","https://medex.com.bd/brands/8544/am-500-mg-tablet"
"24604","AmiClean","Tablet","15 mg","https://medex.com.bd/brands/24604/amiclean-15-mg-tablet"
"25859","Amfrad","Powder for Suspension","125 mg/5 ml","https://medex.com.bd/brands/25859/amfrad-125-mg-powder-for-suspension"
"25858","Amfrad","Capsule","250 mg","https://medex.com.bd/brands/25858/amfrad-250-mg-capsule"
"25857","Amfrad","Capsule","500 mg","https://medex.com.bd/brands/25857/amfrad-500-mg-capsule"
"25536","Amorox","Syrup","15 mg/5 ml","https://medex.com.bd/brands/25536/amorox-15-mg-syrup"
"25522","Ambokof","Pediatric Drops","6 mg/ml","https://medex.com.bd/brands/25522/ambokof-6-mg-pediatric-drop"
"25516","Amboxol","Pediatric Drops","6 mg/ml","https://medex.com.bd/brands/25516/amboxol-6-mg-pediatric-drop"
"25504","Ambrop","Syrup","15 mg/5 ml","https://medex.com.bd/brands/25504/ambrop-15-mg-syrup"
"25498","Ambrocod","Syrup","15 mg/5 ml","https://medex.com.bd/brands/25498/ambrocod-15-mg-syrup"
"21878","Angitan Plus","Tablet","50 mg+12.5 mg","https://medex.com.bd/brands/21878/angitan-plus-50-mg-tablet"
"25133","Anginox MR","Tablet (Modified Release)","35 mg","https://medex.com.bd/brands/25133/anginox-mr-35-mg-mr-tablet"
"25013","Anilic","Tablet","200 mg","https://medex.com.bd/brands/25013/anilic-200-mg-tablet"
"24433","Andep","Tablet","100 mg","https://medex.com.bd/brands/24433/andep-100-mg-tablet"
"24432","Andep","Tablet","25 mg","https://medex.com.bd/brands/24432/andep-25-mg-tablet"
"22721","Anabolin","IM Injection","25 mg/ml","https://medex.com.bd/brands/22721/anabolin-25-mg-im-injection"
"22650","Antaluk","Tablet","10 mg","https://medex.com.bd/brands/22650/antaluk-10-mg-tablet"
"22496","Anquil","IM/IV Injection","15 mg/3 ml","https://medex.com.bd/brands/22496/anquil-15-mg-imiv-injection"
"20452","Anxicon","Tablet","0.5 mg+10 mg","https://medex.com.bd/brands/20452/anxicon-05-mg-tablet"
"20439","Anxitol","Tablet","0.5 mg+10 mg","https://medex.com.bd/brands/20439/anxitol-05-mg-tablet"
"28374","Apit","Tablet","40 mg","https://medex.com.bd/brands/28374/apit-40-mg-tablet"
"26828","Apidra","SC Injection","100 unit/ml","https://medex.com.bd/brands/26828/apidra-100-unit-sc-injection"
"27320","Apidone","Tablet","10 mg","https://medex.com.bd/brands/27320/apidone-10-mg-tablet"
"27321","Apidone","Oral Suspension","5 mg/5 ml","https://medex.com.bd/brands/27321/apidone-5-mg-oral-suspension"
"27583","Aprima","Tablet","30 mg","https://medex.com.bd/brands/27583/aprima-30-mg-tablet"
"28129","Apnac","Tablet","50 mg","https://medex.com.bd/brands/28129/apnac-50-mg-tablet"
"28130","Apnac","Tablet","50 mg","https://medex.com.bd/brands/28130/apnac-50-mg-tablet"
"28162","Apcetrim","Tablet","400 mg+80 mg","https://medex.com.bd/brands/28162/apcetrim-400-mg-tablet"
"29367","Apixan","Tablet","2.5 mg","https://medex.com.bd/brands/29367/apixan-25-mg-tablet"
"29137","Apemilast","Tablet","10 mg","https://medex.com.bd/brands/29137/apemilast-10-mg-tablet"
"29136","Apemilast","Tablet","30 mg","https://medex.com.bd/brands/29136/apemilast-30-mg-tablet"
"29368","Apixan","Tablet","5 mg","https://medex.com.bd/brands/29368/apixan-5-mg-tablet"
"2412","Aqualax","Powder for Solution","100% w/w","https://medex.com.bd/brands/2412/aqualax-100-w-powder-for-solution"
"4134","Aquaphen","Syrup","(30 mg+100 mg+1.25 mg)/5 ml","https://medex.com.bd/brands/4134/aquaphen-30-mg-syrup"
"13094","Aqua Care","Cream","10% w/w","https://medex.com.bd/brands/13094/aqua-care-10-w-cream"
"13535","Aquavit","Syrup","","https://medex.com.bd/brands/13535/aquavit-syrup"
"16356","Aqua","Ophthalmic Gel","0.25%+0.3%","https://medex.com.bd/brands/16356/aqua-025-03-eye-gel"
"18584","Aquafresh","Ophthalmic Solution","1%","https://medex.com.bd/brands/18584/aquafresh-1-eye-drop"
"23732","Aquatear","Ophthalmic Solution","5% v/v","https://medex.com.bd/brands/23732/aquatear-5-v-eye-drop"
"28971","Aquisol","Hand Rub","0.5%+70%","https://medex.com.bd/brands/28971/aquisol-05-70-hand-rub"
"34268","Aquacal-D","Tablet","500 mg+200 IU","https://medex.com.bd/brands/34268/aquacal-d-500-mg-tablet"
"34269","Aquacal-DX","Tablet","600 mg+400 IU","https://medex.com.bd/brands/34269/aquacal-dx-600-mg-tablet"
"36702","Aqua Care","Cream","25% w/w","https://medex.com.bd/brands/36702/aqua-care-25-w-cream"
"30722","Arilol","Tablet","6.25 mg","https://medex.com.bd/brands/30722/arilol-625-mg-tablet"
"30721","Arilol","Tablet","25 mg","https://medex.com.bd/brands/30721/arilol-25-mg-tablet"
"30720","Arilol","Tablet","12.5 mg","https://medex.com.bd/brands/30720/arilol-125-mg-tablet"
"30604","Arinet","Tablet","50 mg","https://medex.com.bd/brands/30604/arinet-50-mg-tablet"
"30273","Arotide","Dry Powder Inhalation Capsule (DPI)","50 mcg+250 mcg","https://medex.com.bd/brands/30273/arotide-50-mcg-inhalation-capsule"
"30272","Arotide","Dry Powder Inhalation Capsule (DPI)","50 mcg+500 mcg","https://medex.com.bd/brands/30272/arotide-50-mcg-inhalation-capsule"
"30271","Arotide","Dry Powder Inhalation Capsule (DPI)","50 mcg+100 mcg","https://medex.com.bd/brands/30271/arotide-50-mcg-inhalation-capsule"
"30127","Aroneb","Nebuliser Solution","15 mcg/2 ml","https://medex.com.bd/brands/30127/aroneb-15-mcg-nebuliser-solution"
"29715","Arkid","Syrup","","https://medex.com.bd/brands/29715/arkid-syrup"
"29828","Artiron","Ophthalmic Solution","0.1%","https://medex.com.bd/brands/29828/artiron-01-eye-drop"
"28220","Asmarid","Syrup","","https://medex.com.bd/brands/28220/asmarid-syrup"
"28674","Ascova","Syrup","100 mg/5 ml","https://medex.com.bd/brands/28674/ascova-100-mg-syrup"
"28874","Aspasom","IM/IV Injection","5 mg/2 ml","https://medex.com.bd/brands/28874/aspasom-5-mg-imiv-injection"
"29048","Asidox","Capsule","100 mg","https://medex.com.bd/brands/29048/asidox-100-mg-capsule"
"29383","Asozit","Capsule (Enteric Coated)","40 mg","https://medex.com.bd/brands/29383/asozit-40-mg-ec-capsule"
"29568","Asmatab","Chewable Tablet","5 mg","https://medex.com.bd/brands/29568/asmatab-5-mg-chewable-tablet"
"29716","Ascon-F","Metered-Dose Inhaler (MDI)","(200 mcg+6 mcg)/puff","https://medex.com.bd/brands/29716/ascon-f-200-mcg-metered-dose-inhaler"
"29717","Ascon-F","Metered-Dose Inhaler (MDI)","(100 mcg+6 mcg)/puff","https://medex.com.bd/brands/29717/ascon-f-100-mcg-metered-dose-inhaler"
"29718","Asparex","Syrup","","https://medex.com.bd/brands/29718/asparex-syrup"
"30643","Ascabiol","Emulsion","25% w/v","https://medex.com.bd/brands/30643/ascabiol-25-w-emulsion"
"30417","Astasoft","Capsule","4 mg","https://medex.com.bd/brands/30417/astasoft-4-mg-capsule"
"32338","Atomax","Tablet","10 mg","https://medex.com.bd/brands/32338/atomax-10-mg-tablet"
"28149","Atostin","Tablet","20 mg","https://medex.com.bd/brands/28149/atostin-20-mg-tablet"
"28882","Atopen Extend","Tablet (Extended Release)","665 mg","https://medex.com.bd/brands/28882/atopen-extend-665-mg-xr-tablet"
"29598","Atracurium Hameln","IV Injection","25 mg/2.5 ml","https://medex.com.bd/brands/29598/atracurium-hameln-25-mg-injection"
"31294","Atanib","Tablet","40 mg","https://medex.com.bd/brands/31294/atanib-40-mg-tablet"
"32200","Atasin","Tablet","80 mg","https://medex.com.bd/brands/32200/atasin-80-mg-tablet"
"32575","Atova EZ","Tablet","10 mg+10 mg","https://medex.com.bd/brands/32575/atova-ez-10-mg-tablet"
"33203","ATV Eze","Tablet","10 mg+10 mg","https://medex.com.bd/brands/33203/atv-eze-10-mg-tablet"
"32576","Atova EZ","Tablet","20 mg+10 mg","https://medex.com.bd/brands/32576/atova-ez-20-mg-tablet"
"28064","AtoZin","Tablet","","https://medex.com.bd/brands/28064/atozin-tablet"
"17794","Augment","Tablet","875 mg+125 mg","https://medex.com.bd/brands/17794/augment-875-mg-tablet"
"39790","Autotear PF","Ophthalmic Solution","0.4%+0.3%","https://medex.com.bd/brands/39790/autotear-pf-04-03-eye-drop"
"38173","Audicom","Ear Drop","0.3%+1%+0.025%+2%","https://medex.com.bd/brands/38173/audicom-03-1-ear-drop"
"38154","Aurifer","Tablet","210 mg","https://medex.com.bd/brands/38154/aurifer-210-mg-tablet"
"34332","Audicare","Ear Drop","0.3%+1%+0.025%+2%","https://medex.com.bd/brands/34332/audicare-03-1-ear-drop"
"32493","Autoben","Chewable Tablet","400 mg","https://medex.com.bd/brands/32493/autoben-400-mg-chewable-tablet"
"17796","Augment","IV Injection","(1 gm+200 mg)/20 ml","https://medex.com.bd/brands/17796/augment-1-gm-injection"
"17795","Augment","Powder for Suspension","(125 mg+31.25 mg)/5 ml","https://medex.com.bd/brands/17795/augment-125-mg-powder-for-suspension"
"1803","AU-20","Capsule (Enteric Coated)","20 mg","https://medex.com.bd/brands/1803/au-20-20-mg-ec-capsule"
"17793","Augment","Tablet","500 mg+125 mg","https://medex.com.bd/brands/17793/augment-500-mg-tablet"
"17792","Augment","Tablet","250 mg+125 mg","https://medex.com.bd/brands/17792/augment-250-mg-tablet"
"17735","AV","Tablet","5 mg+80 mg","https://medex.com.bd/brands/17735/av-5-mg-tablet"
"3090","AV","Tablet","10 mg+160 mg","https://medex.com.bd/brands/3090/av-10-mg-tablet"
"3089","AV","Tablet","5 mg+160 mg","https://medex.com.bd/brands/3089/av-5-mg-tablet"
"27539","Avloclav BID","Powder for Suspension","(400 mg+57.50 mg)/5 ml","https://medex.com.bd/brands/27539/avloclav-bid-400-mg-powder-for-suspension"
"26333","Avlosef","Powder for Suspension","125 mg/5 ml","https://medex.com.bd/brands/26333/avlosef-125-mg-powder-for-suspension"
"26618","Avamist","Nasal Spray","27.5 mcg/spray","https://medex.com.bd/brands/26618/avamist-275-mcg-nasal-spray"
"27255","Avastrol","Tablet","10 mg","https://medex.com.bd/brands/27255/avastrol-10-mg-tablet"
"27256","Avastrol","Tablet","20 mg","https://medex.com.bd/brands/27256/avastrol-20-mg-tablet"
"27537","Avloclav","IV Injection","(500 mg+100 mg)/10 ml","https://medex.com.bd/brands/27537/avloclav-500-mg-injection"
"27538","Avloclav","IV Injection","(1 gm+200 mg)/20 ml","https://medex.com.bd/brands/27538/avloclav-1-gm-injection"
"29464","Avemec","Tablet","12 mg","https://medex.com.bd/brands/29464/avemec-12-mg-tablet"
"31894","Avidro","Tablet","1.5 mg","https://medex.com.bd/brands/31894/avidro-15-mg-tablet"
"14012","AX","Tablet","6 mg+200 mg+50 mg","https://medex.com.bd/brands/14012/ax-6-mg-tablet"
"18980","Axeclav","Tablet","250 mg+62.5 mg","https://medex.com.bd/brands/18980/axeclav-250-mg-tablet"
"25845","Axicef","Tablet","500 mg","https://medex.com.bd/brands/25845/axicef-500-mg-tablet"
"25844","Axicef","Tablet","250 mg","https://medex.com.bd/brands/25844/axicef-250-mg-tablet"
"25772","Axim","IV Injection","1.5 gm/vial","https://medex.com.bd/brands/25772/axim-15-gm-injection"
"25521","Axsol","Syrup","15 mg/5 ml","https://medex.com.bd/brands/25521/axsol-15-mg-syrup"
"18989","Axim CV","Powder for Suspension","(125 mg+31.25 mg)/5 ml","https://medex.com.bd/brands/18989/axim-cv-125-mg-powder-for-suspension"
"18987","Axim CV","Tablet","250 mg+62.5 mg","https://medex.com.bd/brands/18987/axim-cv-250-mg-tablet"
"18986","Axim CV","Tablet","500 mg+125 mg","https://medex.com.bd/brands/18986/axim-cv-500-mg-tablet"
"18982","Axeclav","Powder for Suspension","(125 mg+31.25 mg)/5 ml","https://medex.com.bd/brands/18982/axeclav-125-mg-powder-for-suspension"
"12072","Axodin","Tablet","180 mg","https://medex.com.bd/brands/12072/axodin-180-mg-tablet"
"12074","Axofen","Tablet","120 mg","https://medex.com.bd/brands/12074/axofen-120-mg-tablet"
"8561","AZ","Powder for Suspension","200 mg/5 ml","https://medex.com.bd/brands/8561/az-200-mg-powder-for-suspension"
"25589","AZ","Tablet","500 mg","https://medex.com.bd/brands/25589/az-500-mg-tablet"
"25588","AZ","Tablet","250 mg","https://medex.com.bd/brands/25588/az-250-mg-tablet"
"27435","Azithromycin","Powder for Suspension","200 mg/5 ml","https://medex.com.bd/brands/27435/azithromycin-200-mg-powder-for-suspension"
"28397","Azbec","Metered-Dose Inhaler (MDI)","100 mcg/puff","https://medex.com.bd/brands/28397/azbec-100-mcg-metered-dose-inhaler"
"27169","Aztrum A-Z","Tablet","","https://medex.com.bd/brands/27169/aztrum-a-z-tablet"
"25639","Azinaaf","Powder for Suspension","200 mg/5 ml","https://medex.com.bd/brands/25639/azinaaf-200-mg-powder-for-suspension"
"25662","Azebac","Tablet","500 mg","https://medex.com.bd/brands/25662/azebac-500-mg-tablet"
"26588","Azopres","Ophthalmic Suspension","1%","https://medex.com.bd/brands/26588/azopres-1-ophthalmic-suspension"
"25643","Azikil","Tablet","500 mg","https://medex.com.bd/brands/25643/azikil-500-mg-tablet"
"31039","Balovir","Tablet","40 mg","https://medex.com.bd/brands/31039/balovir-40-mg-tablet"
"29756","Basokof","Syrup","","https://medex.com.bd/brands/29756/basokof-syrup"
"30218","Baricent","Tablet","2 mg","https://medex.com.bd/brands/30218/baricent-2-mg-tablet"
"30265","Bacilax","Capsule","9 billion","https://medex.com.bd/brands/30265/bacilax-9-billion-capsule"
"30509","Bactovate","Cream","0.1%+0.5%","https://medex.com.bd/brands/30509/bactovate-01-05-cream"
"30873","Backtone","Tablet","5 mg","https://medex.com.bd/brands/30873/backtone-5-mg-tablet"
"31010","Baricit","Tablet","4 mg","https://medex.com.bd/brands/31010/baricit-4-mg-tablet"
"31458","Bactazim","Capsule","400 mg","https://medex.com.bd/brands/31458/bactazim-400-mg-capsule"
"31457","Bactazim","Capsule","200 mg","https://medex.com.bd/brands/31457/bactazim-200-mg-capsule"
"31456","Bactacef DS","Powder for Suspension","250 mg/5 ml","https://medex.com.bd/brands/31456/bactacef-ds-250-mg-powder-for-suspension"
"32341","BC-Card","Tablet","5 mg+50 mg","https://medex.com.bd/brands/32341/bc-card-5-mg-tablet"
"34504","BD Micro Fine +","Pen Needle","4 mm","https://medex.com.bd/brands/34504/bd-micro-fine-4-mm-pen-needle"
"6221","Bdflox","Capsule","500 mg","https://medex.com.bd/brands/6221/bdflox-500-mg-capsule"
"6222","Bdflox","Powder for Suspension","125 mg/5 ml","https://medex.com.bd/brands/6222/bdflox-125-mg-powder-for-suspension"
"28629","BetriXa","Capsule","80 mg","https://medex.com.bd/brands/28629/betrixa-80-mg-capsule"
"27701","Besixin","Ophthalmic Suspension","0.6%","https://medex.com.bd/brands/27701/besixin-06-ophthalmic-suspension"
"28222","Betabis-A","Tablet","2.5 mg+5 mg","https://medex.com.bd/brands/28222/betabis-a-25-mg-tablet"
"28402","Bemsivir","IV Infusion","5 mg/ml","https://medex.com.bd/brands/28402/bemsivir-5-mg-iv-infusion"
"28628","BetriXa","Capsule","40 mg","https://medex.com.bd/brands/28628/betrixa-40-mg-capsule"
"28867","Bexitrol F","Multidose Dry Powder Inhaler (MDPI)","50 mcg+500 mcg","https://medex.com.bd/brands/28867/bexitrol-f-50-mcg-dry-powder-inhaler"
"28884","Bestcef Forte","Powder for Suspension","200 mg/5 ml","https://medex.com.bd/brands/28884/bestcef-forte-200-mg-powder-for-suspension"
"27587","Bevastim","IV Infusion","400 mg/16 ml","https://medex.com.bd/brands/27587/bevastim-400-mg-iv-infusion"
"28866","Bexitrol F","Multidose Dry Powder Inhaler (MDPI)","50 mcg+250 mcg","https://medex.com.bd/brands/28866/bexitrol-f-50-mcg-dry-powder-inhaler"
"28865","Bexitrol F","Multidose Dry Powder Inhaler (MDPI)","50 mcg+100 mcg","https://medex.com.bd/brands/28865/bexitrol-f-50-mcg-dry-powder-inhaler"
"15929","Bfenac","Ophthalmic Solution","0.09%","https://medex.com.bd/brands/15929/bfenac-009-eye-drop"
"34882","Bfill","Tablet","100 mg+200 mg+200 mcg","https://medex.com.bd/brands/34882/bfill-100-mg-tablet"
"38433","Bflam","Capsule","500 mg","https://medex.com.bd/brands/38433/bflam-500-mg-capsule"
"38724","BFC","Ophthalmic Solution","0.09%","https://medex.com.bd/brands/38724/bfc-009-eye-drop"
"38980","Bfen","Tablet","5 mg","https://medex.com.bd/brands/38980/bfen-5-mg-tablet"
"38981","Bfen","Tablet","10 mg","https://medex.com.bd/brands/38981/bfen-10-mg-tablet"
"32753","Bioglo","Capsule","2500 mcg","https://medex.com.bd/brands/32753/bioglo-2500-mcg-capsule"
"33122","Biganib","Tablet","90 mg","https://medex.com.bd/brands/33122/biganib-90-mg-tablet"
"33054","Bivara","Oral Solution","50 mg/5 ml","https://medex.com.bd/brands/33054/bivara-50-mg-oral-solution"
"33053","Bivara","Tablet","50 mg","https://medex.com.bd/brands/33053/bivara-50-mg-tablet"
"33052","Bivara","Tablet","25 mg","https://medex.com.bd/brands/33052/bivara-25-mg-tablet"
"32970","Bilan","Oral Solution","12.5 mg/5 ml","https://medex.com.bd/brands/32970/bilan-125-mg-oral-solution"
"32866","Bioclavid","Tablet","250 mg+125 mg","https://medex.com.bd/brands/32866/bioclavid-250-mg-tablet"
"32865","Bioclavid","Tablet","875 mg+125 mg","https://medex.com.bd/brands/32865/bioclavid-875-mg-tablet"
"32864","Bioclavid","Tablet","500 mg+125 mg","https://medex.com.bd/brands/32864/bioclavid-500-mg-tablet"
"31461","Bisofar","Tablet","5 mg","https://medex.com.bd/brands/31461/bisofar-5-mg-tablet"
"31734","Bioglo","Capsule","1000 mcg","https://medex.com.bd/brands/31734/bioglo-1000-mcg-capsule"
"31607","Bilargo ODT","Dispersible Tablet","10 mg","https://medex.com.bd/brands/31607/bilargo-odt-10-mg-dispersible-tablet"
"32210","Blocid","Chewable Tablet","500 mg+100 mg","https://medex.com.bd/brands/32210/blocid-500-mg-chewable-tablet"
"39397","Blaksid","Capsule","500 mg","https://medex.com.bd/brands/39397/blaksid-500-mg-capsule"
"37674","Blood Plus","Capsule (Timed Release)","50 mg+0.50 mg+61.80 mg","https://medex.com.bd/brands/37674/blood-plus-50-mg-tr-capsule"
"37100","Blix","Tablet","20 mg","https://medex.com.bd/brands/37100/blix-20-mg-tablet"
"36466","Blast","Oral Solution","12.5 mg/5 ml","https://medex.com.bd/brands/36466/blast-125-mg-oral-solution"
"33770","Blextin","Dispersible Tablet","10 mg","https://medex.com.bd/brands/33770/blextin-10-mg-dispersible-tablet"
"32855","Blast","Dispersible Tablet","10 mg","https://medex.com.bd/brands/32855/blast-10-mg-dispersible-tablet"
"32854","Blast","Tablet","20 mg","https://medex.com.bd/brands/32854/blast-20-mg-tablet"
"32622","Blextin","Tablet","20 mg","https://medex.com.bd/brands/32622/blextin-20-mg-tablet"
"16175","Bludrop","Ophthalmic Solution","5% v/v","https://medex.com.bd/brands/16175/bludrop-5-v-eye-drop"
"38465","BNZ","Ophthalmic Suspension","1%","https://medex.com.bd/brands/38465/bnz-1-ophthalmic-suspension"
"27760","Boni M","Tablet","","https://medex.com.bd/brands/27760/boni-m-tablet"
"32635","Boni LG","Tablet","500 mg+200 IU","https://medex.com.bd/brands/32635/boni-lg-500-mg-tablet"
"32475","Boni LGX","Tablet","600 mg+400 IU","https://medex.com.bd/brands/32475/boni-lgx-600-mg-tablet"
"29908","Bolardi","Capsule","500 mg (10 billion CFU)","https://medex.com.bd/brands/29908/bolardi-500-mg-capsule"
"29907","Bolardi","Capsule","250 mg (5 billion CFU)","https://medex.com.bd/brands/29907/bolardi-250-mg-capsule"
"29242","Bonwell-D","Tablet","500 mg+200 IU","https://medex.com.bd/brands/29242/bonwell-d-500-mg-tablet"
"27954","Bomaz","Tablet","3 mg","https://medex.com.bd/brands/27954/bomaz-3-mg-tablet"
"26010","Bortez","IV/SC Injection","1 mg/vial","https://medex.com.bd/brands/26010/bortez-1-mg-injection"
"25525","Boxol SR","Capsule (Sustained Release)","75 mg","https://medex.com.bd/brands/25525/boxol-sr-75-mg-sr-capsule"
"33178","BoneStar Kit","Tablet","150 mg+400 mg","https://medex.com.bd/brands/33178/bonestar-kit-150-mg-tablet"
"26903","Bonacerin","Tablet","750 mg+50 mg","https://medex.com.bd/brands/26903/bonacerin-750-mg-tablet"
"14552","BP Zinc","Dispersible Tablet","20 mg","https://medex.com.bd/brands/14552/bp-zinc-20-mg-dispersible-tablet"
"11414","Bpxen","Tablet","250 mg","https://medex.com.bd/brands/11414/bpxen-250-mg-tablet"
"25183","Bpcare","Tablet","160 mg","https://medex.com.bd/brands/25183/bpcare-160-mg-tablet"
"25182","Bpcare","Tablet","80 mg","https://medex.com.bd/brands/25182/bpcare-80-mg-tablet"
"14514","Bpcal M","Tablet","","https://medex.com.bd/brands/14514/bpcal-m-tablet"
"14408","Bpcal D","Tablet","500 mg+200 IU","https://medex.com.bd/brands/14408/bpcal-d-500-mg-tablet"
"14270","Bpcal","Tablet","500 mg","https://medex.com.bd/brands/14270/bpcal-500-mg-tablet"
"14194","Bpfort-M","Tablet","","https://medex.com.bd/brands/14194/bpfort-m-tablet"
"13762","Bpfort","Capsule","5 mg+2 mg+2 mg+20 mg","https://medex.com.bd/brands/13762/bpfort-5-mg-capsule"
"11930","Bptrol","Tablet","10 mg","https://medex.com.bd/brands/11930/bptrol-10-mg-tablet"
"11415","Bpxen","Tablet","500 mg","https://medex.com.bd/brands/11415/bpxen-500-mg-tablet"
"28941","Broklin","Capsule","50 mg","https://medex.com.bd/brands/28941/broklin-50-mg-capsule"
"28399","Brexi","Tablet","0.5 mg","https://medex.com.bd/brands/28399/brexi-05-mg-tablet"
"28400","Brexi","Tablet","1 mg","https://medex.com.bd/brands/28400/brexi-1-mg-tablet"
"28421","Briva","Tablet","25 mg","https://medex.com.bd/brands/28421/briva-25-mg-tablet"
"28422","Briva","Tablet","50 mg","https://medex.com.bd/brands/28422/briva-50-mg-tablet"
"28423","Briva","Oral Solution","50 mg/5 ml","https://medex.com.bd/brands/28423/briva-50-mg-oral-solution"
"28509","Broncotrol","Tablet","4 mg","https://medex.com.bd/brands/28509/broncotrol-4-mg-tablet"
"28510","Broxolit","Pediatric Drops","6 mg/ml","https://medex.com.bd/brands/28510/broxolit-6-mg-pediatric-drop"
"28511","Broxolit","Syrup","15 mg/5 ml","https://medex.com.bd/brands/28511/broxolit-15-mg-syrup"
"31606","Breon","Dry Powder Inhalation Capsule (DPI)","25 mcg+200 mcg","https://medex.com.bd/brands/31606/breon-25-mcg-inhalation-capsule"
"29720","Braintel","Syrup","","https://medex.com.bd/brands/29720/braintel-syrup"
"28241","BS","Ointment","6%+3%","https://medex.com.bd/brands/28241/bs-6-3-ointment"
"15931","BSH","Ophthalmic Solution","0.09%","https://medex.com.bd/brands/15931/bsh-009-eye-drop"
"16223","BSS GV","Irrigation Solution","","https://medex.com.bd/brands/16223/bss-gv-solution"
"27490","Btiron TR","Capsule (Timed Release)","150 mg+0.5 mg+61.8 mg","https://medex.com.bd/brands/27490/btiron-tr-150-mg-tr-capsule"
"34224","Bteen","Tablet","20 mg","https://medex.com.bd/brands/34224/bteen-20-mg-tablet"
"30686","Burat CR","Tablet (Sustained Release)","50 mg","https://medex.com.bd/brands/30686/burat-cr-50-mg-sr-tablet"
"29425","Budetide","Nebuliser Suspension","0.5 mg/2 ml","https://medex.com.bd/brands/29425/budetide-05-mg-nebuliser-suspension"
"29426","Budetide","Nebuliser Suspension","1 mg/2 ml","https://medex.com.bd/brands/29426/budetide-1-mg-nebuliser-suspension"
"30684","Bucod","Syrup","7.5 mg/5 ml","https://medex.com.bd/brands/30684/bucod-75-mg-syrup"
"31193","Budetrol","Dry Powder Inhalation Capsule (DPI)","200 mcg+6 mcg","https://medex.com.bd/brands/31193/budetrol-200-mcg-inhalation-capsule"
"32220","Budenide","Nasal Spray","100 mcg/spray","https://medex.com.bd/brands/32220/budenide-100-mcg-nasal-spray"
"31915","Bulex","Syrup","7.5 mg/5 ml","https://medex.com.bd/brands/31915/bulex-75-mg-syrup"
"31722","Budicort","Nebuliser Suspension","0.25 mg/2 ml","https://medex.com.bd/brands/31722/budicort-025-mg-nebuliser-suspension"
"31831","Byloza","Tablet","20 mg","https://medex.com.bd/brands/31831/byloza-20-mg-tablet"
"34814","Bygerd","Tablet","10 mg","https://medex.com.bd/brands/34814/bygerd-10-mg-tablet"
"34815","Bygerd","Tablet","20 mg","https://medex.com.bd/brands/34815/bygerd-20-mg-tablet"
"30211","Catium ES","Dry Powder Inhalation Capsule (DPI)","110 mcg+50 mcg","https://medex.com.bd/brands/30211/catium-es-110-mcg-inhalation-capsule"
"29863","Candibac","Ear Drop","0.025%+5%+1%+1.73%","https://medex.com.bd/brands/29863/candibac-0025-5-ear-drop"
"29874","Cal D Plus","Tablet","","https://medex.com.bd/brands/29874/cal-d-plus-tablet"
"29903","Calcor-D","Tablet","500 mg+200 IU","https://medex.com.bd/brands/29903/calcor-d-500-mg-tablet"
"29904","Calcor-DX","Tablet","600 mg+400 IU","https://medex.com.bd/brands/29904/calcor-dx-600-mg-tablet"
"29919","Carbolin","Capsule","375 mg","https://medex.com.bd/brands/29919/carbolin-375-mg-capsule"
"29996","Cardofix","Tablet","2.5 mg+5 mg","https://medex.com.bd/brands/29996/cardofix-25-mg-tablet"
"30128","Carmapine","Tablet","200 mg","https://medex.com.bd/brands/30128/carmapine-200-mg-tablet"
"30129","Carmapine","Oral Suspension","100 mg/5 ml","https://medex.com.bd/brands/30129/carmapine-100-mg-oral-suspension"
"30130","Carmapine CR","Tablet (Controlled Release)","200 mg","https://medex.com.bd/brands/30130/carmapine-cr-200-mg-cr-tablet"
"30583","Camlopril","Capsule","5 mg+10 mg","https://medex.com.bd/brands/30583/camlopril-5-mg-capsule"
"30569","Cardifort Plus","Tablet","5 mg+50 mg","https://medex.com.bd/brands/30569/cardifort-plus-5-mg-tablet"
"664","CCB","Tablet","5 mg","https://medex.com.bd/brands/664/ccb-5-mg-tablet"
"26829","Cdens","Tablet","740 mg","https://medex.com.bd/brands/26829/cdens-740-mg-tablet"
"38650","CE Infusor LV","IV Infusion","","https://medex.com.bd/brands/38650/ce-infusor-lv-iv-infusion"
"26956","Ceftriaid","IV Injection","500 mg/vial","https://medex.com.bd/brands/26956/ceftriaid-500-mg-injection"
"26338","Cefim-3 DS","Tablet","400 mg","https://medex.com.bd/brands/26338/cefim-3-ds-400-mg-tablet"
"26339","Ceptiva","Tablet","0.03 mg+0.15 mg","https://medex.com.bd/brands/26339/ceptiva-003-mg-tablet"
"26607","Ceforan","Tablet","100 mg","https://medex.com.bd/brands/26607/ceforan-100-mg-tablet"
"26608","Ceforan","Tablet","200 mg","https://medex.com.bd/brands/26608/ceforan-200-mg-tablet"
"26953","Ceftriaid","IM Injection","500 mg/vial","https://medex.com.bd/brands/26953/ceftriaid-500-mg-im-injection"
"26954","Ceftriaid","IV Injection","1 gm/vial","https://medex.com.bd/brands/26954/ceftriaid-1-gm-injection"
"26955","Ceftriaid","IV Injection","2 gm/vial","https://medex.com.bd/brands/26955/ceftriaid-2-gm-injection"
"27229","Cetaxone","IV Injection","2 gm/vial","https://medex.com.bd/brands/27229/cetaxone-2-gm-injection"
"27228","Cetaxone","IV Injection","1 gm/vial","https://medex.com.bd/brands/27228/cetaxone-1-gm-injection"
"7113","CFL","Powder for Suspension","125 mg/5 ml","https://medex.com.bd/brands/7113/cfl-125-mg-powder-for-suspension"
"7114","CFL","Pediatric Drops","125 mg/1.25 ml","https://medex.com.bd/brands/7114/cfl-125-mg-pediatric-drop"
"18582","Cfresh Liquigel","Ophthalmic Solution","1%","https://medex.com.bd/brands/18582/cfresh-liquigel-1-eye-drop"
"36458","CFB","Tablet","100 mg","https://medex.com.bd/brands/36458/cfb-100-mg-tablet"
"34077","Choliva","Tablet","10 mg","https://medex.com.bd/brands/34077/choliva-10-mg-tablet"
"34076","Choliva","Tablet","5 mg","https://medex.com.bd/brands/34076/choliva-5-mg-tablet"
"33787","Cholevit","Injectable Solution (Oral & IM)","200000 IU/ml","https://medex.com.bd/brands/33787/cholevit-200000-iu-injectable-solution"
"33116","Charm","Tablet","50 mg","https://medex.com.bd/brands/33116/charm-50-mg-tablet"
"31059","Cholcut","Tablet","20 mg","https://medex.com.bd/brands/31059/cholcut-20-mg-tablet"
"30847","Chelova FCT","Tablet","360 mg","https://medex.com.bd/brands/30847/chelova-fct-360-mg-tablet"
"30846","Chelova FCT","Tablet","180 mg","https://medex.com.bd/brands/30846/chelova-fct-180-mg-tablet"
"30806","Chlorphen","Capsule","250 mg","https://medex.com.bd/brands/30806/chlorphen-250-mg-capsule"
"30531","Chemocain-A","Injection","2%+0.0005%","https://medex.com.bd/brands/30531/chemocain-a-2-00005-injection"
"28855","Chlorosol","Hand Rub","0.5%+70%","https://medex.com.bd/brands/28855/chlorosol-05-70-hand-rub"
"27006","Ciprobey","Powder for Suspension","250 mg/5 ml","https://medex.com.bd/brands/27006/ciprobey-250-mg-powder-for-suspension"
"27005","Ciprobey","Tablet","500 mg","https://medex.com.bd/brands/27005/ciprobey-500-mg-tablet"
"26905","Cinagen-D","Ophthalmic Solution","0.5%+0.1%","https://medex.com.bd/brands/26905/cinagen-d-05-01-eye-drop"
"26492","Citrosol","Oral Solution","(1500 mg+250 mg)/5 ml","https://medex.com.bd/brands/26492/citrosol-1500-mg-oral-solution"
"26459","Cilnivas","Tablet","10 mg","https://medex.com.bd/brands/26459/cilnivas-10-mg-tablet"
"26458","Cilnivas","Tablet","5 mg","https://medex.com.bd/brands/26458/cilnivas-5-mg-tablet"
"26343","Cilocab","Tablet","5 mg","https://medex.com.bd/brands/26343/cilocab-5-mg-tablet"
"26342","Cilocab","Tablet","10 mg","https://medex.com.bd/brands/26342/cilocab-10-mg-tablet"
"25970","Cilnipin","Tablet","5 mg","https://medex.com.bd/brands/25970/cilnipin-5-mg-tablet"
"25971","Cilnipin","Tablet","10 mg","https://medex.com.bd/brands/25971/cilnipin-10-mg-tablet"
"25977","Cildip","Tablet","10 mg","https://medex.com.bd/brands/25977/cildip-10-mg-tablet"
"23727","CK","Oral Solution","(1500 mg+250 mg)/5 ml","https://medex.com.bd/brands/23727/ck-1500-mg-oral-solution"
"35909","Ckemia","Tablet","2 mg","https://medex.com.bd/brands/35909/ckemia-2-mg-tablet"
"35910","Ckemia","Tablet","4 mg","https://medex.com.bd/brands/35910/ckemia-4-mg-tablet"
"39166","CKDpro","Capsule","45 Billion","https://medex.com.bd/brands/39166/ckdpro-45-billion-capsule"
"26344","Clean gel","Hand Rub","66%+3.5%","https://medex.com.bd/brands/26344/clean-gel-66-35-hand-rub"
"26749","Cloron","Pediatric Drops","2.5 mg/ml","https://medex.com.bd/brands/26749/cloron-25-mg-pediatric-drop"
"26461","Clonapin","Tablet","1 mg","https://medex.com.bd/brands/26461/clonapin-1-mg-tablet"
"26197","Clindacin","IM/IV Injection","600 mg/4 ml","https://medex.com.bd/brands/26197/clindacin-600-mg-imiv-injection"
"29187","CMC Luvis","Ophthalmic Solution","0.5%","https://medex.com.bd/brands/29187/cmc-luvis-05-eye-drop"
"38734","CMC","Ophthalmic Solution","1%","https://medex.com.bd/brands/38734/cmc-1-eye-drop"
"13539","CNV","Syrup","","https://medex.com.bd/brands/13539/cnv-syrup"
"31932","Cosmozole","Capsule (Enteric Coated)","20 mg","https://medex.com.bd/brands/31932/cosmozole-20-mg-ec-capsule"
"31012","Co-dopa CR","Tablet (Prolonged Release)","25 mg+100 mg","https://medex.com.bd/brands/31012/co-dopa-cr-25-mg-pr-tablet"
"31186","Contilex TS","Tablet","750 mg+600 mg","https://medex.com.bd/brands/31186/contilex-ts-750-mg-tablet"
"31384","Coport","Tablet","10 mg","https://medex.com.bd/brands/31384/coport-10-mg-tablet"
"31385","Coport","Tablet","25 mg","https://medex.com.bd/brands/31385/coport-25-mg-tablet"
"31740","Corcal D","Tablet","500 mg+200 IU","https://medex.com.bd/brands/31740/corcal-d-500-mg-tablet"
"32166","Cosmotil","Tablet","250 mg+62.5 mg","https://medex.com.bd/brands/32166/cosmotil-250-mg-tablet"
"32207","Cordef","Tablet","6 mg","https://medex.com.bd/brands/32207/cordef-6-mg-tablet"
"32177","Coport M","Tablet","5 mg+500 mg","https://medex.com.bd/brands/32177/coport-m-5-mg-tablet"
"32167","Cosmotil","Tablet","500 mg+125 mg","https://medex.com.bd/brands/32167/cosmotil-500-mg-tablet"
"7758","CP","Powder for Suspension","40 mg/5 ml","https://medex.com.bd/brands/7758/cp-40-mg-powder-for-suspension"
"7845","CP","Pediatric Drops","20 mg/ml","https://medex.com.bd/brands/7845/cp-20-mg-pediatric-drop"
"1524","Cpdom","Tablet","10 mg","https://medex.com.bd/brands/1524/cpdom-10-mg-tablet"
"9245","Cpflox","Tablet","500 mg","https://medex.com.bd/brands/9245/cpflox-500-mg-tablet"
"10576","Cpmol","Tablet","500 mg+65 mg","https://medex.com.bd/brands/10576/cpmol-500-mg-tablet"
"13884","Cpvit B","Capsule","5 mg+2 mg+2 mg+20 mg","https://medex.com.bd/brands/13884/cpvit-b-5-mg-capsule"
"14301","Cpcal","Tablet","500 mg","https://medex.com.bd/brands/14301/cpcal-500-mg-tablet"
"25601","Cpzith","Tablet","500 mg","https://medex.com.bd/brands/25601/cpzith-500-mg-tablet"
"25602","Cpzith","Powder for Suspension","200 mg/5 ml","https://medex.com.bd/brands/25602/cpzith-200-mg-powder-for-suspension"
"35563","Cpdin","Tablet","120 mg","https://medex.com.bd/brands/35563/cpdin-120-mg-tablet"
"35564","Cpmol","Tablet","500 mg","https://medex.com.bd/brands/35564/cpmol-500-mg-tablet"
"30140","Cran-B","Capsule","300 mg","https://medex.com.bd/brands/30140/cran-b-300-mg-capsule"
"35175","Cravacin","Tablet","6 mg","https://medex.com.bd/brands/35175/cravacin-6-mg-tablet"
"34422","Cranberry","Capsule","400 mg","https://medex.com.bd/brands/34422/cranberry-400-mg-capsule"
"33689","Cranmax","Capsule","500 mg","https://medex.com.bd/brands/33689/cranmax-500-mg-capsule"
"32417","Crisa","Ointment","2% w/w","https://medex.com.bd/brands/32417/crisa-2-w-ointment"
"30838","Cromolin","Ophthalmic Solution","4%","https://medex.com.bd/brands/30838/cromolin-4-eye-drop"
"29931","Creston","Tablet","20 mg","https://medex.com.bd/brands/29931/creston-20-mg-tablet"
"28182","Creso","Tablet (Enteric Coated)","40 mg","https://medex.com.bd/brands/28182/creso-40-mg-ec-tablet"
"30052","Crisaderm","Ointment","2% w/w","https://medex.com.bd/brands/30052/crisaderm-2-w-ointment"
"11955","CTZ","Tablet","10 mg","https://medex.com.bd/brands/11955/ctz-10-mg-tablet"
"37516","Curepen","IV Injection or Infusion","500 mg/vial","https://medex.com.bd/brands/37516/curepen-500-mg-iv-injection"
"37515","Curepen","IV Injection or Infusion","1 gm/vial","https://medex.com.bd/brands/37515/curepen-1-gm-iv-injection"
"35629","Cutin","Capsule","5000 mcg","https://medex.com.bd/brands/35629/cutin-5000-mcg-capsule"
"35628","Cutin","Capsule","2500 mcg","https://medex.com.bd/brands/35628/cutin-2500-mcg-capsule"
"35627","Cutin","Capsule","1000 mcg","https://medex.com.bd/brands/35627/cutin-1000-mcg-capsule"
"34423","Curcumin","Tablet","500 mg","https://medex.com.bd/brands/34423/curcumin-500-mg-tablet"
"29380","Curafin","Cream","0.25%","https://medex.com.bd/brands/29380/curafin-025-cream"
"27680","Curnoid","Tablet","500 mg","https://medex.com.bd/brands/27680/curnoid-500-mg-tablet"
"236","Cuvir","Ophthalmic Ointment","3%","https://medex.com.bd/brands/236/cuvir-3-eye-ointment"
"665","CVnor","Tablet","5 mg","https://medex.com.bd/brands/665/cvnor-5-mg-tablet"
"813","CVnor-A","Tablet","5 mg+50 mg","https://medex.com.bd/brands/813/cvnor-a-5-mg-tablet"
"30561","CVnor","Tablet","10 mg","https://medex.com.bd/brands/30561/cvnor-10-mg-tablet"
"34764","CX-C","Effervescent Tablet","1000 mg+327 mg (Conventional calcium)+500 mg","https://medex.com.bd/brands/34764/cx-c-1000-mg-eff-tablet"
"34765","CX-C Plus","Effervescent Tablet","1000 mg+327 mg (Conventional calcium)+500 mg+400 IU","https://medex.com.bd/brands/34765/cx-c-plus-1000-mg-eff-tablet"
"28356","Cytomia","IV Infusion","100 mg/vial","https://medex.com.bd/brands/28356/cytomia-100-mg-iv-infusion"
"31242","Cytara","IV Infusion","500 mg/vial","https://medex.com.bd/brands/31242/cytara-500-mg-iv-infusion"
"31241","Cytara","IV Infusion","100 mg/vial","https://medex.com.bd/brands/31241/cytara-100-mg-iv-infusion"
"31235","Cyramza","IV Infusion","10 mg/ml","https://medex.com.bd/brands/31235/cyramza-10-mg-iv-infusion"
"30491","Cystosan","Capsule","100 mg","https://medex.com.bd/brands/30491/cystosan-100-mg-capsule"
"29795","Cytosor","IV Infusion","100 mg/vial","https://medex.com.bd/brands/29795/cytosor-100-mg-iv-infusion"
"29321","Cykin","Capsule","125 mg","https://medex.com.bd/brands/29321/cykin-125-mg-capsule"
"28357","Cyphos","IV Infusion","1 gm/vial","https://medex.com.bd/brands/28357/cyphos-1-gm-iv-infusion"
"22570","Cytomis","Tablet","600 mcg","https://medex.com.bd/brands/22570/cytomis-600-mcg-tablet"
"25331","Cyano-B","Tablet","100 mg+200 mg+200 mcg","https://medex.com.bd/brands/25331/cyano-b-100-mg-tablet"
"24807","Cynta","Tablet","100 mg","https://medex.com.bd/brands/24807/cynta-100-mg-tablet"
"11956","CZ","Tablet","10 mg","https://medex.com.bd/brands/11956/cz-10-mg-tablet"
"14526","CZM","Tablet","","https://medex.com.bd/brands/14526/czm-tablet"
"33162","Dacocent","Tablet","45 mg","https://medex.com.bd/brands/33162/dacocent-45-mg-tablet"
"31171","Dasinib","Tablet","100 mg","https://medex.com.bd/brands/31171/dasinib-100-mg-tablet"
"32001","Daunobin","IV Infusion","20 mg/4 ml","https://medex.com.bd/brands/32001/daunobin-20-mg-iv-infusion"
"32449","Dasatab","Tablet","20 mg","https://medex.com.bd/brands/32449/dasatab-20-mg-tablet"
"32450","Dasatab","Tablet","100 mg","https://medex.com.bd/brands/32450/dasatab-100-mg-tablet"
"32712","Dabiran","Capsule","150 mg","https://medex.com.bd/brands/32712/dabiran-150-mg-capsule"
"32713","Dabiran","Capsule","110 mg","https://medex.com.bd/brands/32713/dabiran-110-mg-capsule"
"32715","Dabigat","Capsule","110 mg","https://medex.com.bd/brands/32715/dabigat-110-mg-capsule"
"32716","Dabigat","Capsule","75 mg","https://medex.com.bd/brands/32716/dabigat-75-mg-capsule"
"34376","Darbagen","IV/SC Injection","60 mcg/0.3 ml","https://medex.com.bd/brands/34376/darbagen-60-mcg-injection"
"34204","Dasacent","Tablet","50 mg","https://medex.com.bd/brands/34204/dasacent-50-mg-tablet"
"3233","Dclot","Tablet","75 mg","https://medex.com.bd/brands/3233/dclot-75-mg-tablet"
"10577","DC-Plus","Tablet","500 mg+65 mg","https://medex.com.bd/brands/10577/dc-plus-500-mg-tablet"
"10964","DCF","Tablet","50 mg","https://medex.com.bd/brands/10964/dcf-50-mg-tablet"
"34766","DC-Vit C","Chewable Tablet","250 mg","https://medex.com.bd/brands/34766/dc-vit-c-250-mg-chewable-tablet"
"29780","DDR","Capsule (Enteric Coated)","30 mg","https://medex.com.bd/brands/29780/ddr-30-mg-ec-capsule"
"29781","DDR","Capsule (Enteric Coated)","60 mg","https://medex.com.bd/brands/29781/ddr-60-mg-ec-capsule"
"29782","Dexotix","Tablet","60 mg+1200 mg","https://medex.com.bd/brands/29782/dexotix-60-mg-tablet"
"29558","Dezacot","Tablet","30 mg","https://medex.com.bd/brands/29558/dezacot-30-mg-tablet"
"29609","Dexoprex","Capsule (Enteric Coated)","30 mg","https://medex.com.bd/brands/29609/dexoprex-30-mg-ec-capsule"
"29610","Dexoprex","Capsule (Enteric Coated)","60 mg","https://medex.com.bd/brands/29610/dexoprex-60-mg-ec-capsule"
"29625","Dexporil","Syrup","(20 mg+10 mg+2.5 mg)/5 ml","https://medex.com.bd/brands/29625/dexporil-20-mg-syrup"
"29653","Dermaid","Ointment","","https://medex.com.bd/brands/29653/dermaid-ointment"
"29775","Dezacot","Tablet","24 mg","https://medex.com.bd/brands/29775/dezacot-24-mg-tablet"
"30078","Deflaza","Tablet","6 mg","https://medex.com.bd/brands/30078/deflaza-6-mg-tablet"
"9251","DFX","Tablet","500 mg","https://medex.com.bd/brands/9251/dfx-500-mg-tablet"
"9252","DFX","Powder for Suspension","250 mg/5 ml","https://medex.com.bd/brands/9252/dfx-250-mg-powder-for-suspension"
"10967","Dfc TR","Capsule (Timed Release)","100 mg","https://medex.com.bd/brands/10967/dfc-tr-100-mg-tr-capsule"
"31467","DFN","Tablet","400 mg","https://medex.com.bd/brands/31467/dfn-400-mg-tablet"
"32002","DGM","Syrup","(200 mg+15 mg+15 mg)/5 ml","https://medex.com.bd/brands/32002/dgm-200-mg-syrup"
"31448","DHEA","Tablet","25 mg","https://medex.com.bd/brands/31448/dhea-25-mg-tablet"
"27152","Diazox","Tablet","500 mg","https://medex.com.bd/brands/27152/diazox-500-mg-tablet"
"26933","Dieta M","Tablet (Extended Release)","1 mg+500 mg","https://medex.com.bd/brands/26933/dieta-m-1-mg-xr-tablet"
"27024","Dilcontin XL","Tablet (Controlled Release)","90 mg","https://medex.com.bd/brands/27024/dilcontin-xl-90-mg-cr-tablet"
"27040","Diclofen","Suppository","100 mg","https://medex.com.bd/brands/27040/diclofen-100-mg-suppository"
"27042","Dionem","IV Infusion","500 mg/vial","https://medex.com.bd/brands/27042/dionem-500-mg-iv-infusion"
"27354","Diapac","IV Injection","350 mg/ml","https://medex.com.bd/brands/27354/diapac-350-mg-injection"
"27717","Diclofen","Ophthalmic Solution","0.1%","https://medex.com.bd/brands/27717/diclofen-01-eye-drop"
"27549","Dixar","Syrup","10 mg/5 ml","https://medex.com.bd/brands/27549/dixar-10-mg-syrup"
"26909","Ditarol","Tablet","1000 IU","https://medex.com.bd/brands/26909/ditarol-1000-iu-tablet"
"27153","Diazox","Powder for Suspension","100 mg/5 ml","https://medex.com.bd/brands/27153/diazox-100-mg-powder-for-suspension"
"29563","DK","Capsule","400 IU+60 mcg+30 mcg","https://medex.com.bd/brands/29563/dk-400-iu-capsule"
"38517","DK 4000","Capsule","4000 IU+100 mcg","https://medex.com.bd/brands/38517/dk-4000-4000-iu-capsule"
"2380","Dlac","Oral Solution","3.35 gm/5 ml","https://medex.com.bd/brands/2380/dlac-335-gm-oral-solution"
"32082","DLP","Capsule (Enteric Coated)","30 mg","https://medex.com.bd/brands/32082/dlp-30-mg-ec-capsule"
"32083","DLP","Capsule (Enteric Coated)","60 mg","https://medex.com.bd/brands/32083/dlp-60-mg-ec-capsule"
"35761","DLS","Capsule (Enteric Coated)","30 mg","https://medex.com.bd/brands/35761/dls-30-mg-ec-capsule"
"28527","DM-Sone","Ophthalmic Solution","0.1%","https://medex.com.bd/brands/28527/dm-sone-01-eye-drop"
"32504","DMF","Tablet","500 mg","https://medex.com.bd/brands/32504/dmf-500-mg-tablet"
"32505","DMF","Tablet","850 mg","https://medex.com.bd/brands/32505/dmf-850-mg-tablet"
"27716","DNS","IV Infusion","0.9%+5%","https://medex.com.bd/brands/27716/dns-09-5-iv-infusion"
"29021","Doxofyl SR","Tablet (Sustained Release)","400 mg","https://medex.com.bd/brands/29021/doxofyl-sr-400-mg-sr-tablet"
"29797","Docetor","IV Infusion","80 mg/vial","https://medex.com.bd/brands/29797/docetor-80-mg-iv-infusion"
"29796","Docetor","IV Infusion","20 mg/vial","https://medex.com.bd/brands/29796/docetor-20-mg-iv-infusion"
"29654","Dolabi","Tablet","","https://medex.com.bd/brands/29654/dolabi-tablet"
"29517","Doxorin SR","Tablet (Sustained Release)","400 mg","https://medex.com.bd/brands/29517/doxorin-sr-400-mg-sr-tablet"
"29486","Dobical","Capsule","500 mg","https://medex.com.bd/brands/29486/dobical-500-mg-capsule"
"29350","Doxorin","Syrup","100 mg/5 ml","https://medex.com.bd/brands/29350/doxorin-100-mg-syrup"
"29051","Doxicline","Capsule","100 mg","https://medex.com.bd/brands/29051/doxicline-100-mg-capsule"
"29050","Doxcline","Capsule","100 mg","https://medex.com.bd/brands/29050/doxcline-100-mg-capsule"
"29026","Doxacil","Capsule","100 mg","https://medex.com.bd/brands/29026/doxacil-100-mg-capsule"
"28786","Dominaaf","Oral Suspension","5 mg/5 ml","https://medex.com.bd/brands/28786/dominaaf-5-mg-oral-suspension"
"28890","Dolorex","Capsule","100 mg","https://medex.com.bd/brands/28890/dolorex-100-mg-capsule"
"1567","DP-Done","Tablet","10 mg","https://medex.com.bd/brands/1567/dp-done-10-mg-tablet"
"1568","DP-Done","Oral Suspension","5 mg/5 ml","https://medex.com.bd/brands/1568/dp-done-5-mg-oral-suspension"
"29500","Drospi","Tablet","4 mg","https://medex.com.bd/brands/29500/drospi-4-mg-tablet"
"30160","Drotapan","Tablet","40 mg","https://medex.com.bd/brands/30160/drotapan-40-mg-tablet"
"31612","Drycofix","Syrup","7.5 mg/5 ml","https://medex.com.bd/brands/31612/drycofix-75-mg-syrup"
"32397","Droslyn","Tablet","4 mg","https://medex.com.bd/brands/32397/droslyn-4-mg-tablet"
"38699","DRT","Capsule (Enteric Coated)","60 mg","https://medex.com.bd/brands/38699/drt-60-mg-ec-capsule"
"38698","DRT","Capsule (Enteric Coated)","30 mg","https://medex.com.bd/brands/38698/drt-30-mg-ec-capsule"
"37651","Dro-SPA","Tablet","40 mg","https://medex.com.bd/brands/37651/dro-spa-40-mg-tablet"
"26615","Dsec","Capsule (Enteric Coated)","30 mg","https://medex.com.bd/brands/26615/dsec-30-mg-ec-capsule"
"26616","Dsec","Capsule (Enteric Coated)","60 mg","https://medex.com.bd/brands/26616/dsec-60-mg-ec-capsule"
"38528","Dsec MUPS","MUPS Tablet","30 mg","https://medex.com.bd/brands/38528/dsec-mups-30-mg-mups-table"
"27718","Duxol","Ophthalmic Emulsion","0.05%","https://medex.com.bd/brands/27718/duxol-005-ophthalmic-emulsion"
"34142","Duofast","Tablet","5 mg+20 mg","https://medex.com.bd/brands/34142/duofast-5-mg-tablet"
"33882","Duocid","Oral Suspension","(480 mg+20 mg)/5 ml","https://medex.com.bd/brands/33882/duocid-480-mg-oral-suspension"
"32890","Duodart","Capsule","0.4 mg+0.5 mg","https://medex.com.bd/brands/32890/duodart-04-mg-capsule"
"32352","Duloxen","Tablet (Delayed Release)","60 mg","https://medex.com.bd/brands/32352/duloxen-60-mg-dr-tablet"
"30507","Duovas","Tablet","5 mg+40 mg","https://medex.com.bd/brands/30507/duovas-5-mg-tablet"
"29785","Duracef Max","Powder for Suspension","500 mg/5 ml","https://medex.com.bd/brands/29785/duracef-max-500-mg-powder-for-suspension"
"29761","Duratab","Tablet","","https://medex.com.bd/brands/29761/duratab-tablet"
"21355","Dulac","Oral Solution","3.35 gm/5 ml","https://medex.com.bd/brands/21355/dulac-335-gm-oral-solution"
"7765","Dxproxil","Powder for Suspension","40 mg/5 ml","https://medex.com.bd/brands/7765/dxproxil-40-mg-powder-for-suspension"
"30085","DXC","Capsule","100 mg","https://medex.com.bd/brands/30085/dxc-100-mg-capsule"
"33269","DXN","IM/IV Injection","5 mg/ml","https://medex.com.bd/brands/33269/dxn-5-mg-imiv-injection"
"35154","Dydrogest","Tablet","10 mg","https://medex.com.bd/brands/35154/dydrogest-10-mg-tablet"
"26995","Dysma","Tablet","50 mg","https://medex.com.bd/brands/26995/dysma-50-mg-tablet"
"29152","Dynase","Nasal Spray","(137 mcg+50 mcg)/spray","https://medex.com.bd/brands/29152/dynase-137-mcg-nasal-spray"
"29655","Dysni","Tablet","","https://medex.com.bd/brands/29655/dysni-tablet"
"30887","Dydron","Tablet","10 mg","https://medex.com.bd/brands/30887/dydron-10-mg-tablet"
"32286","Dysmen","Tablet","250 mg","https://medex.com.bd/brands/32286/dysmen-250-mg-tablet"
"33789","Dystolic","Tablet","2.5 mg","https://medex.com.bd/brands/33789/dystolic-25-mg-tablet"
"33790","Dystolic","Tablet","5 mg","https://medex.com.bd/brands/33790/dystolic-5-mg-tablet"
"37946","Dysent-G","Tablet","","https://medex.com.bd/brands/37946/dysent-g-tablet"
"36383","Dylin","Oral Suspension","200 mg/5 ml","https://medex.com.bd/brands/36383/dylin-200-mg-oral-suspension"
"35961","Dyrotab","Tablet","","https://medex.com.bd/brands/35961/dyrotab-tablet"
"39218","Dycofex","Syrup","","https://medex.com.bd/brands/39218/dycofex-syrup"
"4221","Easium","Tablet","5 mg","https://medex.com.bd/brands/4221/easium-5-mg-tablet"
"4223","Easium","Suppository","10 mg","https://medex.com.bd/brands/4223/easium-10-mg-suppository"
"14798","Easy ORS","Oral Powder","10.25 gm","https://medex.com.bd/brands/14798/easy-ors-1025-gm-oral-powder"
"18491","Easycal","Tablet","400 mg","https://medex.com.bd/brands/18491/easycal-400-mg-tablet"
"23564","Ease Plus","Tablet","500 mg+65 mg","https://medex.com.bd/brands/23564/ease-plus-500-mg-tablet"
"28123","Easy ORS","Oral Powder","","https://medex.com.bd/brands/28123/easy-ors-oral-powder"
"28316","Easium","IM/IV Injection","10 mg/2 ml","https://medex.com.bd/brands/28316/easium-10-mg-imiv-injection"
"29073","Easybak","Tablet","10 mg","https://medex.com.bd/brands/29073/easybak-10-mg-tablet"
"29299","Eazy Jelly","Topical Gel","(1 gm+1.3 gm)/50 gm","https://medex.com.bd/brands/29299/eazy-jelly-1-gm-topical-gel"
"33664","Earmemo","Tablet","60 mg","https://medex.com.bd/brands/33664/earmemo-60-mg-tablet"
"33909","Easyhaler","Metered-Dose Inhaler (MDI)","","https://medex.com.bd/brands/33909/easyhaler-metered-dose-inhaler"
"35209","Easyhaler","Metered-Dose Inhaler (MDI)","","https://medex.com.bd/brands/35209/easyhaler-metered-dose-inhaler"
"27045","Ebanex","Syrup","5 mg/5 ml","https://medex.com.bd/brands/27045/ebanex-5-mg-syrup"
"12054","Ebahist","Tablet","10 mg","https://medex.com.bd/brands/12054/ebahist-10-mg-tablet"
"26352","Ebasten","Syrup","5 mg/5 ml","https://medex.com.bd/brands/26352/ebasten-5-mg-syrup"
"26353","Ebasten FT","Dispersible Tablet","10 mg","https://medex.com.bd/brands/26353/ebasten-ft-10-mg-dispersible-tablet"
"26466","Ebatin Fast","Dispersible Tablet","10 mg","https://medex.com.bd/brands/26466/ebatin-fast-10-mg-dispersible-tablet"
"26597","Ebamine","Syrup","5 mg/5 ml","https://medex.com.bd/brands/26597/ebamine-5-mg-syrup"
"28529","Eburn","Cream","1%","https://medex.com.bd/brands/28529/eburn-1-cream"
"37448","Ebafast","Tablet","10 mg","https://medex.com.bd/brands/37448/ebafast-10-mg-tablet"
"30649","Eba","Tablet","6 mg+200 mg+50 mg","https://medex.com.bd/brands/30649/eba-6-mg-tablet"
"12049","Ebasten","Tablet","10 mg","https://medex.com.bd/brands/12049/ebasten-10-mg-tablet"
"28395","Ebion","Tablet","100 mg+200 mg+200 mcg","https://medex.com.bd/brands/28395/ebion-100-mg-tablet"
"21558","EC-Pill","Tablet","1.5 mg","https://medex.com.bd/brands/21558/ec-pill-15-mg-tablet"
"27384","Ectinac","Tablet","100 mg","https://medex.com.bd/brands/27384/ectinac-100-mg-tablet"
"26655","Ecotin","Capsule","60 mg+30 mg+6 mg+2 mg+15 mg","https://medex.com.bd/brands/26655/ecotin-60-mg-capsule"
"25111","Ecocort","Cream","1%+0.1%","https://medex.com.bd/brands/25111/ecocort-1-01-cream"
"25108","Eco Plus","Cream","1%+0.1%","https://medex.com.bd/brands/25108/eco-plus-1-01-cream"
"25107","Ecolon","Cream","1%+0.1%","https://medex.com.bd/brands/25107/ecolon-1-01-cream"
"14025","EC-Vit","Tablet","6 mg+200 mg+50 mg","https://medex.com.bd/brands/14025/ec-vit-6-mg-tablet"
"13954","Ecovit-S","Capsule","200 mg","https://medex.com.bd/brands/13954/ecovit-s-200-mg-capsule"
"13955","Ecovit","Capsule","400 mg","https://medex.com.bd/brands/13955/ecovit-400-mg-capsule"
"14024","EC-Plus","Tablet","200 mg+200 mg","https://medex.com.bd/brands/14024/ec-plus-200-mg-tablet"
"27849","Ecox","Tablet","120 mg","https://medex.com.bd/brands/27849/ecox-120-mg-tablet"
"13647","Edruplex","IM Injection","(100 mg+100 mg+1 mg)/3 ml","https://medex.com.bd/brands/13647/edruplex-100-mg-im-injection"
"14441","Edical-D","Tablet","500 mg+200 IU","https://medex.com.bd/brands/14441/edical-d-500-mg-tablet"
"14302","Edical","Tablet","500 mg","https://medex.com.bd/brands/14302/edical-500-mg-tablet"
"14196","Edruvit-M","Tablet","","https://medex.com.bd/brands/14196/edruvit-m-tablet"
"14071","Edruvit","Pediatric Drops","","https://medex.com.bd/brands/14071/edruvit-pediatric-drop"
"13777","Ediplex","Syrup","(5 mg+2 mg+2 mg+20 mg)/5 ml","https://medex.com.bd/brands/13777/ediplex-5-mg-syrup"
"13776","Ediplex","Tablet","5 mg+2 mg+2 mg+20 mg","https://medex.com.bd/brands/13776/ediplex-5-mg-tablet"
"11147","Edopain ER","Tablet (Extended Release)","600 mg","https://medex.com.bd/brands/11147/edopain-er-600-mg-xr-tablet"
"11144","Edolac","Capsule","300 mg","https://medex.com.bd/brands/11144/edolac-300-mg-capsule"
"11145","Edolac ER","Tablet (Extended Release)","600 mg","https://medex.com.bd/brands/11145/edolac-er-600-mg-xr-tablet"
"11146","Edopain","Capsule","300 mg","https://medex.com.bd/brands/11146/edopain-300-mg-capsule"
"19080","Edicef","Capsule","250 mg","https://medex.com.bd/brands/19080/edicef-250-mg-capsule"
"30754","Efepime","IV Injection","2 gm/vial","https://medex.com.bd/brands/30754/efepime-2-gm-injection"
"24275","Efaxim","Tablet","200 mg","https://medex.com.bd/brands/24275/efaxim-200-mg-tablet"
"26436","Efodio","Tablet","10 mg","https://medex.com.bd/brands/26436/efodio-10-mg-tablet"
"28072","Efloxin","Tablet","500 mg","https://medex.com.bd/brands/28072/efloxin-500-mg-tablet"
"28073","Efloxin","Tablet","250 mg","https://medex.com.bd/brands/28073/efloxin-250-mg-tablet"
"28074","Efloxin","Powder for Suspension","250 mg/5 ml","https://medex.com.bd/brands/28074/efloxin-250-mg-powder-for-suspension"
"29940","Efopam","Tablet","30 mg","https://medex.com.bd/brands/29940/efopam-30-mg-tablet"
"30752","Efepime","IM/IV Injection","500 mg/vial","https://medex.com.bd/brands/30752/efepime-500-mg-imiv-injection"
"30753","Efepime","IM/IV Injection","1 gm/vial","https://medex.com.bd/brands/30753/efepime-1-gm-imiv-injection"
"38817","Eflow-L","Tablet","10 mg+5 mg","https://medex.com.bd/brands/38817/eflow-l-10-mg-tablet"
"38288","Eflow","Tablet","25 mg","https://medex.com.bd/brands/38288/eflow-25-mg-tablet"
"33931","Egyl","Oral Suspension","200 mg/5 ml","https://medex.com.bd/brands/33931/egyl-200-mg-oral-suspension"
"39715","Egion","Tablet","40 mg","https://medex.com.bd/brands/39715/egion-40-mg-tablet"
"39578","Eggikal-DX","Tablet","600 mg+400 IU","https://medex.com.bd/brands/39578/eggikal-dx-600-mg-tablet"
"39577","Eggikal-D","Tablet","500 mg+200 IU","https://medex.com.bd/brands/39577/eggikal-d-500-mg-tablet"
"38186","Egvo-D","Tablet","500 mg+200 IU","https://medex.com.bd/brands/38186/egvo-d-500-mg-tablet"
"37742","Egul","Effervescent Powder","3.5 gm/5.4 gm","https://medex.com.bd/brands/37742/egul-35-gm-eff-powder"
"36679","Egaba","Capsule","25 mg","https://medex.com.bd/brands/36679/egaba-25-mg-capsule"
"34665","Egshel-DX","Tablet","600 mg+400 IU","https://medex.com.bd/brands/34665/egshel-dx-600-mg-tablet"
"34664","Egshel-D","Tablet","500 mg+200 IU","https://medex.com.bd/brands/34664/egshel-d-500-mg-tablet"
"34659","Eggcal-DX","Tablet","600 mg+400 IU","https://medex.com.bd/brands/34659/eggcal-dx-600-mg-tablet"
"34658","Eggcal-D","Tablet","500 mg+200 IU","https://medex.com.bd/brands/34658/eggcal-d-500-mg-tablet"
"16399","Ejalong","Tablet","30 mg","https://medex.com.bd/brands/16399/ejalong-30-mg-tablet"
"16400","Ejalong","Tablet","60 mg","https://medex.com.bd/brands/16400/ejalong-60-mg-tablet"
"15312","Eket","Tablet","10 mg","https://medex.com.bd/brands/15312/eket-10-mg-tablet"
"15313","Eket","IM/IV Injection","30 mg/ml","https://medex.com.bd/brands/15313/eket-30-mg-imiv-injection"
"27259","Ekzina","Ointment","0.05%+3%","https://medex.com.bd/brands/27259/ekzina-005-3-ointment"
"32206","Elmisan","Capsule","100 mg","https://medex.com.bd/brands/32206/elmisan-100-mg-capsule"
"36002","Eltero","Tablet","5 mg","https://medex.com.bd/brands/36002/eltero-5-mg-tablet"
"35964","Elzyne","Syrup","","https://medex.com.bd/brands/35964/elzyne-syrup"
"34934","Elpida","Tablet","200 mg","https://medex.com.bd/brands/34934/elpida-200-mg-tablet"
"34709","Elasta","Ophthalmic Solution","0.05%","https://medex.com.bd/brands/34709/elasta-005-eye-drop"
"33736","Elagox","Tablet","200 mg","https://medex.com.bd/brands/33736/elagox-200-mg-tablet"
"33407","Eltropag","Tablet","50 mg","https://medex.com.bd/brands/33407/eltropag-50-mg-tablet"
"32634","Elipta","Tablet","25 mg+5 mg","https://medex.com.bd/brands/32634/elipta-25-mg-tablet"
"32633","Elipta","Tablet","10 mg+5 mg","https://medex.com.bd/brands/32633/elipta-10-mg-tablet"
"32621","Elargen","Tablet","20 mg","https://medex.com.bd/brands/32621/elargen-20-mg-tablet"
"29978","Elvina","Tablet","250 mg","https://medex.com.bd/brands/29978/elvina-250-mg-tablet"
"30050","Elivier","Tablet","500 mg","https://medex.com.bd/brands/30050/elivier-500-mg-tablet"
"8435","EM","Powder for Suspension","125 mg/5 ml","https://medex.com.bd/brands/8435/em-125-mg-powder-for-suspension"
"8434","EM","Tablet","500 mg","https://medex.com.bd/brands/8434/em-500-mg-tablet"
"34212","Emglit","Tablet","25 mg","https://medex.com.bd/brands/34212/emglit-25-mg-tablet"
"34748","Emoli","Lotion","2.5%+0.1%+0.1%+2.5%","https://medex.com.bd/brands/34748/emoli-25-01-lotion"
"34733","Emigut","Oral Solution","4 mg/5 ml","https://medex.com.bd/brands/34733/emigut-4-mg-oral-solution"
"34732","Emigut","Tablet","8 mg","https://medex.com.bd/brands/34732/emigut-8-mg-tablet"
"34214","Emlozin","Tablet","10 mg","https://medex.com.bd/brands/34214/emlozin-10-mg-tablet"
"34213","Emlozin","Tablet","25 mg","https://medex.com.bd/brands/34213/emlozin-25-mg-tablet"
"33944","Emlidus","Tablet","10 mg+5 mg","https://medex.com.bd/brands/33944/emlidus-10-mg-tablet"
"33945","Emlidus","Tablet","25 mg+5 mg","https://medex.com.bd/brands/33945/emlidus-25-mg-tablet"
"33409","Empadi-M","Tablet","5 mg+500 mg","https://medex.com.bd/brands/33409/empadi-m-5-mg-tablet"
"32776","Encarlev","Tablet","200 mg+50 mg+200 mg","https://medex.com.bd/brands/32776/encarlev-200-mg-tablet"
"31971","Enoma","SC Injection","6000 Anti-Xa IU/0.6 ml","https://medex.com.bd/brands/31971/enoma-6000-anti-xa-sc-injection"
"32180","Entiflox","Tablet","500 mg","https://medex.com.bd/brands/32180/entiflox-500-mg-tablet"
"32445","Enorin","SC Injection","4000 Anti-Xa IU/0.4 ml","https://medex.com.bd/brands/32445/enorin-4000-anti-xa-sc-injection"
"32446","Enorin","SC Injection","6000 Anti-Xa IU/0.6 ml","https://medex.com.bd/brands/32446/enorin-6000-anti-xa-sc-injection"
"32447","Enorin","SC Injection","8000 Anti-Xa IU/0.8 ml","https://medex.com.bd/brands/32447/enorin-8000-anti-xa-sc-injection"
"32774","Encarlev","Tablet","100 mg+25 mg+200 mg","https://medex.com.bd/brands/32774/encarlev-100-mg-tablet"
"32775","Encarlev","Tablet","150 mg+37.5 mg+200 mg","https://medex.com.bd/brands/32775/encarlev-150-mg-tablet"
"34103","ENOfiz","Powder for Solution","(2.32 gm+2.18 gm+0.50 gm)/5 gm","https://medex.com.bd/brands/34103/enofiz-232-gm-powder-for-solution"
"33933","Enyl","Oral Suspension","120 mg/5 ml","https://medex.com.bd/brands/33933/enyl-120-mg-oral-suspension"
"33932","Enyl Extend","Tablet (Extended Release)","665 mg","https://medex.com.bd/brands/33932/enyl-extend-665-mg-xr-tablet"
"34104","ENO (Lemon Flavor)","Powder for Solution","(2.32 gm+2.18 gm+0.50 gm)/5 gm","https://medex.com.bd/brands/34104/eno-lemon-flavor-232-gm-powder-for-solution"
"29848","Epicet","Oral Solution","500 mg/5 ml","https://medex.com.bd/brands/29848/epicet-500-mg-oral-solution"
"27504","Eprim Plus","Capsule","1000 mg","https://medex.com.bd/brands/27504/eprim-plus-1000-mg-capsule"
"27853","Epizam","Tablet","0.5 mg","https://medex.com.bd/brands/27853/epizam-05-mg-tablet"
"27854","Epizam","Tablet","2 mg","https://medex.com.bd/brands/27854/epizam-2-mg-tablet"
"28359","Epiruba","IV Infusion","2 mg/ml","https://medex.com.bd/brands/28359/epiruba-2-mg-iv-infusion"
"28360","Epomax","IV/SC Injection","5000 IU","https://medex.com.bd/brands/28360/epomax-5000-iu-injection"
"29185","Eparin","SC Injection","4000 Anti-Xa IU/0.4 ml","https://medex.com.bd/brands/29185/eparin-4000-anti-xa-sc-injection"
"30505","Eplon","Capsule","5 mg","https://medex.com.bd/brands/30505/eplon-5-mg-capsule"
"31240","Epirubin","IV Infusion","2 mg/ml","https://medex.com.bd/brands/31240/epirubin-2-mg-iv-infusion"
"31177","Epomax","IV/SC Injection","3000 IU","https://medex.com.bd/brands/31177/epomax-3000-iu-injection"
"30506","Eplon","Capsule","10 mg","https://medex.com.bd/brands/30506/eplon-10-mg-capsule"
"27491","Epazel Plus","Oral Suspension","(400 mg+400 mg+30 mg)/5 ml","https://medex.com.bd/brands/27491/epazel-plus-400-mg-oral-suspension"
"12798","Equra","Cream","10% w/w","https://medex.com.bd/brands/12798/equra-10-w-cream"
"27855","Ery","Tablet","500 mg","https://medex.com.bd/brands/27855/ery-500-mg-tablet"
"26139","Erazole","Capsule (Enteric Coated)","20 mg","https://medex.com.bd/brands/26139/erazole-20-mg-ec-capsule"
"26726","Erdolyt","Capsule","300 mg","https://medex.com.bd/brands/26726/erdolyt-300-mg-capsule"
"27180","Erazole","Tablet (Enteric Coated)","40 mg","https://medex.com.bd/brands/27180/erazole-40-mg-ec-tablet"
"27385","Erode","Powder for Suspension","125 mg/5 ml","https://medex.com.bd/brands/27385/erode-125-mg-powder-for-suspension"
"27572","Ertinib","Tablet","100 mg","https://medex.com.bd/brands/27572/ertinib-100-mg-tablet"
"27573","Ertinib","Tablet","150 mg","https://medex.com.bd/brands/27573/ertinib-150-mg-tablet"
"27663","Eredex","Capsule","5.4 mg","https://medex.com.bd/brands/27663/eredex-54-mg-capsule"
"27693","Eradra","Ophthalmic Solution","5%","https://medex.com.bd/brands/27693/eradra-5-eye-drop"
"30023","Eraxis","IV Infusion","100 mg/vial","https://medex.com.bd/brands/30023/eraxis-100-mg-iv-infusion"
"29810","Erdon-Plus","IM Injection","(75 mg+20 mg)/2 ml","https://medex.com.bd/brands/29810/erdon-plus-75-mg-im-injection"
"29330","Erinlar","Capsule","150 mg","https://medex.com.bd/brands/29330/erinlar-150-mg-capsule"
"30461","Escilex","Tablet","10 mg","https://medex.com.bd/brands/30461/escilex-10-mg-tablet"
"31434","Esoclip","Capsule (Enteric Coated)","20 mg","https://medex.com.bd/brands/31434/esoclip-20-mg-ec-capsule"
"31412","Esotid HP","Tablet","20 mg+1000 mg+500 mg","https://medex.com.bd/brands/31412/esotid-hp-20-mg-tablet"
"31348","Esohil","Capsule (Enteric Coated)","40 mg","https://medex.com.bd/brands/31348/esohil-40-mg-ec-capsule"
"31347","Esohil","Capsule (Enteric Coated)","20 mg","https://medex.com.bd/brands/31347/esohil-20-mg-ec-capsule"
"31038","Esonor","Tablet (Enteric Coated)","20 mg","https://medex.com.bd/brands/31038/esonor-20-mg-ec-tablet"
"30916","Esobest","IV Injection","40 mg/vial","https://medex.com.bd/brands/30916/esobest-40-mg-injection"
"30641","Esoral","Oral Powder","20 mg","https://medex.com.bd/brands/30641/esoral-20-mg-oral-powder"
"29855","Estracon","Vaginal Cream","0.0625%","https://medex.com.bd/brands/29855/estracon-00625-vaginal-cream"
"29577","Esover","Capsule (Enteric Coated)","40 mg","https://medex.com.bd/brands/29577/esover-40-mg-ec-capsule"
"28070","Ethiplex-ZI","Syrup","","https://medex.com.bd/brands/28070/ethiplex-zi-syrup"
"26206","Etorac","IM/IV Injection","60 mg/2 ml","https://medex.com.bd/brands/26206/etorac-60-mg-imiv-injection"
"26598","Etolac","IM/IV Injection","60 mg/2 ml","https://medex.com.bd/brands/26598/etolac-60-mg-imiv-injection"
"27994","Etostar","Tablet","90 mg","https://medex.com.bd/brands/27994/etostar-90-mg-tablet"
"27995","Etostar","Tablet","120 mg","https://medex.com.bd/brands/27995/etostar-120-mg-tablet"
"28068","Ethiplex","Syrup","(5 mg+2 mg+2 mg+20 mg)/5 ml","https://medex.com.bd/brands/28068/ethiplex-5-mg-syrup"
"28069","Ethiplex-Z","Syrup","","https://medex.com.bd/brands/28069/ethiplex-z-syrup"
"28755","Etoricoxib","Tablet","90 mg","https://medex.com.bd/brands/28755/etoricoxib-90-mg-tablet"
"28754","Etoricoxib","Tablet","60 mg","https://medex.com.bd/brands/28754/etoricoxib-60-mg-tablet"
"29077","Eteen","Syrup","5 mg/5 ml","https://medex.com.bd/brands/29077/eteen-5-mg-syrup"
"30401","Eukrim","Cream","10% w/w","https://medex.com.bd/brands/30401/eukrim-10-w-cream"
"32698","Eurix CV","Powder for Suspension","(125 mg+31.25 mg)/5 ml","https://medex.com.bd/brands/32698/eurix-cv-125-mg-powder-for-suspension"
"32697","Eurix CV","Tablet","500 mg+125 mg","https://medex.com.bd/brands/32697/eurix-cv-500-mg-tablet"
"32696","Eurix CV","Tablet","250 mg+62.5 mg","https://medex.com.bd/brands/32696/eurix-cv-250-mg-tablet"
"32695","Eurix","Tablet","500 mg","https://medex.com.bd/brands/32695/eurix-500-mg-tablet"
"30475","Eudaxen","Tablet","50 mg","https://medex.com.bd/brands/30475/eudaxen-50-mg-tablet"
"29007","Eurovit-C","Chewable Tablet","250 mg","https://medex.com.bd/brands/29007/eurovit-c-250-mg-chewable-tablet"
"28893","Euphor","Tablet","0.5 mg+10 mg","https://medex.com.bd/brands/28893/euphor-05-mg-tablet"
"29004","Euro Gel","Hand Rub","66%+3.5%","https://medex.com.bd/brands/29004/euro-gel-66-35-hand-rub"
"32699","Eurix","Powder for Suspension","125 mg/5 ml","https://medex.com.bd/brands/32699/eurix-125-mg-powder-for-suspension"
"29075","Euro Hand Sanitizer","Hand Rub","75%+0.125%+1.45%","https://medex.com.bd/brands/29075/euro-hand-sanitizer-75-0125-hand-rub"
"29076","EuroSeas","Syrup","","https://medex.com.bd/brands/29076/euroseas-syrup"
"13885","EV Plex B","Syrup","(5 mg+2 mg+2 mg+20 mg)/5 ml","https://medex.com.bd/brands/13885/ev-plex-b-5-mg-syrup"
"13781","EV Plex B","Tablet","5 mg+2 mg+2 mg+20 mg","https://medex.com.bd/brands/13781/ev-plex-b-5-mg-tablet"
"33943","Evaglip","Tablet","10 mg+5 mg","https://medex.com.bd/brands/33943/evaglip-10-mg-tablet"
"36113","Evimar 13","IM/SC Injection","25 mcg/0.5 ml","https://medex.com.bd/brands/36113/evimar-13-25-mcg-imsc-injection"
"35338","Evadol","Tablet","2 mg","https://medex.com.bd/brands/35338/evadol-2-mg-tablet"
"34844","Evitacap","Capsule","400 mg","https://medex.com.bd/brands/34844/evitacap-400-mg-capsule"
"34843","Evitacap","Capsule","200 mg","https://medex.com.bd/brands/34843/evitacap-200-mg-capsule"
"34627","Evania M","Tablet","5 mg+500 mg","https://medex.com.bd/brands/34627/evania-m-5-mg-tablet"
"30379","Evascon","Tablet","30 mg","https://medex.com.bd/brands/30379/evascon-30-mg-tablet"
"27472","Exiben","Capsule","400 mg","https://medex.com.bd/brands/27472/exiben-400-mg-capsule"
"26833","Expres","Tablet","10 mg","https://medex.com.bd/brands/26833/expres-10-mg-tablet"
"26980","Exalin","Tablet","10 mg","https://medex.com.bd/brands/26980/exalin-10-mg-tablet"
"26981","Exilok","Tablet (Enteric Coated)","20 mg","https://medex.com.bd/brands/26981/exilok-20-mg-ec-tablet"
"26982","Exilok","Tablet (Enteric Coated)","40 mg","https://medex.com.bd/brands/26982/exilok-40-mg-ec-tablet"
"27202","Exifil","Tablet","50 mg","https://medex.com.bd/brands/27202/exifil-50-mg-tablet"
"27203","Exifil","Tablet","100 mg","https://medex.com.bd/brands/27203/exifil-100-mg-tablet"
"27723","Exipain","Tablet","100 mg","https://medex.com.bd/brands/27723/exipain-100-mg-tablet"
"28871","Exovate N","Ointment","0.05%+0.5%+2%","https://medex.com.bd/brands/28871/exovate-n-005-05-ointment"
"27964","Exiron","IV Injection or Infusion","100 mg/5 ml","https://medex.com.bd/brands/27964/exiron-100-mg-iv-injection"
"26832","Expres","Tablet","5 mg","https://medex.com.bd/brands/26832/expres-5-mg-tablet"
"27722","Exilok","IV Injection","40 mg/vial","https://medex.com.bd/brands/27722/exilok-40-mg-injection"
"29197","Eyemist","Ophthalmic Gel","0.25%+0.3%","https://medex.com.bd/brands/29197/eyemist-025-03-eye-gel"
"27720","Eye Gel","Viscoelastic Solution","2%","https://medex.com.bd/brands/27720/eye-gel-2-viscoelastic-solution"
"27721","Eyerin","Ophthalmic Solution","5% v/v","https://medex.com.bd/brands/27721/eyerin-5-v-eye-drop"
"28223","Eyemox-D","Ophthalmic Solution","0.5%+0.1%","https://medex.com.bd/brands/28223/eyemox-d-05-01-eye-drop"
"28362","Eyetear","Ophthalmic Solution","5% v/v","https://medex.com.bd/brands/28362/eyetear-5-v-eye-drop"
"28363","Eyebrom","Ophthalmic Solution","0.09%","https://medex.com.bd/brands/28363/eyebrom-009-eye-drop"
"28446","Eye Relief","Ophthalmic Solution","99.05%","https://medex.com.bd/brands/28446/eye-relief-9905-eye-drop"
"37117","Eyefil","Ophthalmic Solution","1%","https://medex.com.bd/brands/37117/eyefil-1-eye-drop"
"39378","Eye-Fast","Capsule","125 mg","https://medex.com.bd/brands/39378/eye-fast-125-mg-capsule"
"38559","Eyepro","Capsule","60 mg+30 mg+6 mg+2 mg+15 mg","https://medex.com.bd/brands/38559/eyepro-60-mg-capsule"
"38312","Eye Bags Away Eye Cream","Cream","","https://medex.com.bd/brands/38312/eye-bags-away-eye-cream-cream"
"26911","Eytob","Ophthalmic Solution","0.3%","https://medex.com.bd/brands/26911/eytob-03-eye-drop"
"32174","Ezyout","Oral Solution","5 mg/5 ml","https://medex.com.bd/brands/32174/ezyout-5-mg-oral-solution"
"34518","Ezyout","Tablet","10 mg","https://medex.com.bd/brands/34518/ezyout-10-mg-tablet"
"33343","Ezyfast","Oral Solution","5 mg/5 ml","https://medex.com.bd/brands/33343/ezyfast-5-mg-oral-solution"
"33342","Ezyfast","Tablet","10 mg","https://medex.com.bd/brands/33342/ezyfast-10-mg-tablet"
"32663","Ezitor","Tablet","20 mg+10 mg","https://medex.com.bd/brands/32663/ezitor-20-mg-tablet"
"32662","Ezitor","Tablet","10 mg+10 mg","https://medex.com.bd/brands/32662/ezitor-10-mg-tablet"
"32211","Ezymilk","Pediatric Drops","3333.33 IU/ml","https://medex.com.bd/brands/32211/ezymilk-333333-iu-pediatric-drop"
"29276","Ezair","Tablet","10 mg","https://medex.com.bd/brands/29276/ezair-10-mg-tablet"
"29409","Ezylife Kids","Oral Solution","5 mg/5 ml","https://medex.com.bd/brands/29409/ezylife-kids-5-mg-oral-solution"
"34564","Ezygo","Tablet","10 mg","https://medex.com.bd/brands/34564/ezygo-10-mg-tablet"
"31820","Famonix","Powder for Suspension","40 mg/5 ml","https://medex.com.bd/brands/31820/famonix-40-mg-powder-for-suspension"
"30152","Fapiravir","Tablet","200 mg","https://medex.com.bd/brands/30152/fapiravir-200-mg-tablet"
"30230","Famomax","Powder for Suspension","40 mg/5 ml","https://medex.com.bd/brands/30230/famomax-40-mg-powder-for-suspension"
"30263","Famotack","Tablet","40 mg","https://medex.com.bd/brands/30263/famotack-40-mg-tablet"
"30891","Favirest","Tablet","200 mg","https://medex.com.bd/brands/30891/favirest-200-mg-tablet"
"31121","Famotid","Powder for Suspension","40 mg/5 ml","https://medex.com.bd/brands/31121/famotid-40-mg-powder-for-suspension"
"31620","Famogen","Powder for Suspension","40 mg/5 ml","https://medex.com.bd/brands/31620/famogen-40-mg-powder-for-suspension"
"31974","Famoloc","Powder for Suspension","40 mg/5 ml","https://medex.com.bd/brands/31974/famoloc-40-mg-powder-for-suspension"
"34512","Fastfit","Gel","1% w/w","https://medex.com.bd/brands/34512/fastfit-1-w-gel"
"33518","Farmberry","Effervescent Powder","3.5 gm/5.4 gm","https://medex.com.bd/brands/33518/farmberry-35-gm-eff-powder"
"32290","Famodin","Powder for Suspension","40 mg/5 ml","https://medex.com.bd/brands/32290/famodin-40-mg-powder-for-suspension"
"30001","Fapravir","Tablet","200 mg","https://medex.com.bd/brands/30001/fapravir-200-mg-tablet"
"13230","FBC","Capsule (Timed Release)","","https://medex.com.bd/brands/13230/fbc-tr-capsule"
"32933","FD-120","Tablet","120 mg","https://medex.com.bd/brands/32933/fd-120-120-mg-tablet"
"30358","Fentanyl","Injection","100 mcg/2 ml","https://medex.com.bd/brands/30358/fentanyl-100-mcg-injection"
"31700","Ferium","IV Injection or Infusion","500 mg/10 ml","https://medex.com.bd/brands/31700/ferium-500-mg-iv-injection"
"31475","Fexsil","Oral Suspension","30 mg/5 ml","https://medex.com.bd/brands/31475/fexsil-30-mg-oral-suspension"
"31474","Fexsil","Tablet","180 mg","https://medex.com.bd/brands/31474/fexsil-180-mg-tablet"
"31473","Fexsil","Tablet","120 mg","https://medex.com.bd/brands/31473/fexsil-120-mg-tablet"
"31396","Feglo-FZ","Tablet","48 mg+0.5 mg+22.5 mg","https://medex.com.bd/brands/31396/feglo-fz-48-mg-tablet"
"31296","Femikit","Tablet","200 mg+200 mcg","https://medex.com.bd/brands/31296/femikit-200-mg-tablet"
"30920","Ferox","IV Injection or Infusion","100 mg/2 ml","https://medex.com.bd/brands/30920/ferox-100-mg-iv-injection"
"30919","Ferox","IV Injection or Infusion","500 mg/10 ml","https://medex.com.bd/brands/30919/ferox-500-mg-iv-injection"
"30425","Fenimex","IM/IV Injection","45.5 mg/2 ml","https://medex.com.bd/brands/30425/fenimex-455-mg-imiv-injection"
"29724","Femiton","Tablet","500 mg","https://medex.com.bd/brands/29724/femiton-500-mg-tablet"
"31739","Fizi","Tablet","10 mg","https://medex.com.bd/brands/31739/fizi-10-mg-tablet"
"32512","Fixotim","Powder for Suspension","100 mg/5 ml","https://medex.com.bd/brands/32512/fixotim-100-mg-powder-for-suspension"
"32511","Fixotim","Capsule","400 mg","https://medex.com.bd/brands/32511/fixotim-400-mg-capsule"
"32510","Fixotim","Capsule","200 mg","https://medex.com.bd/brands/32510/fixotim-200-mg-capsule"
"32405","FizyCal-M","Effervescent Tablet","","https://medex.com.bd/brands/32405/fizycal-m-eff-tablet"
"31904","Fibosyl","Effervescent Powder","3.5 gm/5.4 gm","https://medex.com.bd/brands/31904/fibosyl-35-gm-eff-powder"
"30341","Fibroz","Capsule","100 mg","https://medex.com.bd/brands/30341/fibroz-100-mg-capsule"
"30091","Ficef","Powder for Suspension","125 mg/5 ml","https://medex.com.bd/brands/30091/ficef-125-mg-powder-for-suspension"
"30164","Firmac","Powder for Suspension","125 mg/5 ml","https://medex.com.bd/brands/30164/firmac-125-mg-powder-for-suspension"
"30342","Fibroz","Capsule","150 mg","https://medex.com.bd/brands/30342/fibroz-150-mg-capsule"
"31738","Fizi","Tablet","5 mg","https://medex.com.bd/brands/31738/fizi-5-mg-tablet"
"26102","Flumetol","Dry Powder Inhalation Capsule (DPI)","50 mcg+500 mcg","https://medex.com.bd/brands/26102/flumetol-50-mcg-inhalation-capsule"
"24471","Flowrap","Capsule","4 mg","https://medex.com.bd/brands/24471/flowrap-4-mg-capsule"
"24472","Flowrap","Capsule","8 mg","https://medex.com.bd/brands/24472/flowrap-8-mg-capsule"
"24490","Flatunil","Pediatric Drops","67 mg/ml","https://medex.com.bd/brands/24490/flatunil-67-mg-pediatric-drop"
"24492","Flatus","Pediatric Drops","67 mg/ml","https://medex.com.bd/brands/24492/flatus-67-mg-pediatric-drop"
"24495","Flacol","Chewable Tablet","40 mg","https://medex.com.bd/brands/24495/flacol-40-mg-chewable-tablet"
"26299","Flatameal DS","Oral Suspension","(200 mg+400 mg+30 mg)/5 ml","https://medex.com.bd/brands/26299/flatameal-ds-200-mg-oral-suspension"
"26420","Flacort","Oral Suspension","6 mg/5 ml","https://medex.com.bd/brands/26420/flacort-6-mg-oral-suspension"
"26419","Flacort","Tablet","24 mg","https://medex.com.bd/brands/26419/flacort-24-mg-tablet"
"26354","Floxabid","IV Infusion","200 mg/100 ml","https://medex.com.bd/brands/26354/floxabid-200-mg-iv-infusion"
"4342","FMR","Tablet","0.5 mg+10 mg","https://medex.com.bd/brands/4342/fmr-05-mg-tablet"
"35706","FML","Capsule","30 mg","https://medex.com.bd/brands/35706/fml-30-mg-capsule"
"33346","Forticef","IV Injection","1 gm/vial","https://medex.com.bd/brands/33346/forticef-1-gm-injection"
"31172","Fosfa","IV Infusion","2 gm/vial","https://medex.com.bd/brands/31172/fosfa-2-gm-iv-infusion"
"31509","Fobunid","Dry Powder Inhalation Capsule (DPI)","100 mcg+6 mcg","https://medex.com.bd/brands/31509/fobunid-100-mcg-inhalation-capsule"
"31510","Fobunid","Dry Powder Inhalation Capsule (DPI)","200 mcg+6 mcg","https://medex.com.bd/brands/31510/fobunid-200-mcg-inhalation-capsule"
"31701","Folzin-CI","Capsule (Timed Release)","50 mg+0.50 mg+61.80 mg","https://medex.com.bd/brands/31701/folzin-ci-50-mg-tr-capsule"
"31975","Formet V","Tablet","50 mg+500 mg","https://medex.com.bd/brands/31975/formet-v-50-mg-tablet"
"32835","Formet XR","Tablet (Extended Release)","1000 mg","https://medex.com.bd/brands/32835/formet-xr-1000-mg-xr-tablet"
"34124","Foly","Tablet","5 mg","https://medex.com.bd/brands/34124/foly-5-mg-tablet"
"33492","Fosfomax","IV Infusion","4 gm/vial","https://medex.com.bd/brands/33492/fosfomax-4-gm-iv-infusion"
"32396","Frenia","Oral Solution","1 mg/ml","https://medex.com.bd/brands/32396/frenia-1-mg-oral-solution"
"35218","Freezy","Nasal Inhaler","(122.70 mg+415.40 mg+415.40 mg)/gm","https://medex.com.bd/brands/35218/freezy-12270-mg-nasal-inhaler"
"35217","Freeway","Tablet","400 mg","https://medex.com.bd/brands/35217/freeway-400-mg-tablet"
"35216","Freeway","Tablet","200 mg","https://medex.com.bd/brands/35216/freeway-200-mg-tablet"
"35126","Freego-Gel","Effervescent Powder","3.5 gm/5.4 gm","https://medex.com.bd/brands/35126/freego-gel-35-gm-eff-powder"
"34894","Freedom","Topical Solution","1.2% w/v","https://medex.com.bd/brands/34894/freedom-12-w-topical-solution"
"34692","Freshair","Syrup","100 mg/5 ml","https://medex.com.bd/brands/34692/freshair-100-mg-syrup"
"34691","Freshair","Tablet","400 mg","https://medex.com.bd/brands/34691/freshair-400-mg-tablet"
"34690","Freshair","Tablet","200 mg","https://medex.com.bd/brands/34690/freshair-200-mg-tablet"
"34525","Free-breath  (Child)","Metered-Dose Inhaler (MDI)","","https://medex.com.bd/brands/34525/free-breath-child-metered-dose-inhaler"
"34524","Free-breath  (Adult)","Metered-Dose Inhaler (MDI)","","https://medex.com.bd/brands/34524/free-breath-adult-metered-dose-inhaler"
"28484","Frucard","Tablet","20 mg+50 mg","https://medex.com.bd/brands/28484/frucard-20-mg-tablet"
"26059","FSH","IM/SC Injection","75 IU/vial","https://medex.com.bd/brands/26059/fsh-75-iu-imsc-injection"
"33144","FSH","IM/SC Injection","150 IU/vial","https://medex.com.bd/brands/33144/fsh-150-iu-imsc-injection"
"25795","Furoget","Powder for Suspension","125 mg/5 ml","https://medex.com.bd/brands/25795/furoget-125-mg-powder-for-suspension"
"20588","Fusimed BT","Cream","2%+0.1%","https://medex.com.bd/brands/20588/fusimed-bt-2-01-cream"
"22060","Fulspec","IV Injection or Infusion","250 mg/vial","https://medex.com.bd/brands/22060/fulspec-250-mg-iv-injection"
"22465","Fungimin","Oral Gel","2% w/w","https://medex.com.bd/brands/22465/fungimin-2-w-oral-gel"
"25793","Furoget","Tablet","250 mg","https://medex.com.bd/brands/25793/furoget-250-mg-tablet"
"25794","Furoget","Tablet","500 mg","https://medex.com.bd/brands/25794/furoget-500-mg-tablet"
"28033","Fungakil","Cream","0.025%","https://medex.com.bd/brands/28033/fungakil-0025-cream"
"27405","Funginil","Capsule","150 mg","https://medex.com.bd/brands/27405/funginil-150-mg-capsule"
"27275","FXR","Tablet","10 mg","https://medex.com.bd/brands/27275/fxr-10-mg-tablet"
"27276","FXR","Tablet","5 mg","https://medex.com.bd/brands/27276/fxr-5-mg-tablet"
"26443","Fylox","Tablet","200 mg","https://medex.com.bd/brands/26443/fylox-200-mg-tablet"
"26444","Fylox","Tablet","400 mg","https://medex.com.bd/brands/26444/fylox-400-mg-tablet"
"33679","Fybogut","Effervescent Powder","3.5 gm/5.4 gm","https://medex.com.bd/brands/33679/fybogut-35-gm-eff-powder"
"33142","Gaba-P CR","Tablet (Controlled Release)","165 mg","https://medex.com.bd/brands/33142/gaba-p-cr-165-mg-cr-tablet"
"33033","Gavimax","Oral Suspension","(500 mg+267 mg+160 mg)/10 ml","https://medex.com.bd/brands/33033/gavimax-500-mg-oral-suspension"
"33034","Gavipex","Oral Suspension","(500 mg+267 mg+160 mg)/10 ml","https://medex.com.bd/brands/33034/gavipex-500-mg-oral-suspension"
"33035","Gavonix","Oral Suspension","(500 mg+267 mg+160 mg)/10 ml","https://medex.com.bd/brands/33035/gavonix-500-mg-oral-suspension"
"33036","Gascon","Oral Suspension","(500 mg+267 mg+160 mg)/10 ml","https://medex.com.bd/brands/33036/gascon-500-mg-oral-suspension"
"33037","Gavirad","Oral Suspension","(500 mg+267 mg+160 mg)/10 ml","https://medex.com.bd/brands/33037/gavirad-500-mg-oral-suspension"
"33038","Gaviplus","Oral Suspension","(500 mg+267 mg+160 mg)/10 ml","https://medex.com.bd/brands/33038/gaviplus-500-mg-oral-suspension"
"33039","Gavigin","Oral Suspension","(500 mg+267 mg+160 mg)/10 ml","https://medex.com.bd/brands/33039/gavigin-500-mg-oral-suspension"
"33063","Gabahil","Tablet","300 mg","https://medex.com.bd/brands/33063/gabahil-300-mg-tablet"
"33064","Gabahil","Tablet","100 mg","https://medex.com.bd/brands/33064/gabahil-100-mg-tablet"
"33141","Gaba-P CR","Tablet (Controlled Release)","82.5 mg","https://medex.com.bd/brands/33141/gaba-p-cr-825-mg-cr-tablet"
"34526","Gavilac M (Mint)","Oral Suspension","(500 mg+213 mg+325 mg)/10 ml","https://medex.com.bd/brands/34526/gavilac-m-mint-500-mg-oral-suspension"
"32515","GBR","Tablet","300 mg","https://medex.com.bd/brands/32515/gbr-300-mg-tablet"
"35922","GBpoietin","IV/SC Injection","2000 IU","https://medex.com.bd/brands/35922/gbpoietin-2000-iu-injection"
"35923","GBpoietin","IV/SC Injection","4000 IU","https://medex.com.bd/brands/35923/gbpoietin-4000-iu-injection"
"35924","GBpoietin","IV/SC Injection","5000 IU","https://medex.com.bd/brands/35924/gbpoietin-5000-iu-injection"
"35925","GBpoietin","IV/SC Injection","10000 IU","https://medex.com.bd/brands/35925/gbpoietin-10000-iu-injection"
"38429","Gcell","Tablet","125 mg","https://medex.com.bd/brands/38429/gcell-125-mg-tablet"
"38709","Gcool","Oral Suspension","(500 mg+213 mg+325 mg)/10 ml","https://medex.com.bd/brands/38709/gcool-500-mg-oral-suspension"
"28990","Gensulin R","SC Injection","100 IU/ml","https://medex.com.bd/brands/28990/gensulin-r-100-iu-sc-injection"
"28093","Geriton-MD","Tablet","","https://medex.com.bd/brands/28093/geriton-md-tablet"
"28144","Gento-HC","Ear Drop","0.3%+1%","https://medex.com.bd/brands/28144/gento-hc-03-1-ear-drop"
"28264","Gentacin","Ophthalmic Ointment","0.3%","https://medex.com.bd/brands/28264/gentacin-03-eye-ointment"
"28365","Getinib","Tablet","250 mg","https://medex.com.bd/brands/28365/getinib-250-mg-tablet"
"28404","Gensulin M30","SC Injection","30%+70% in 100 IU/ml","https://medex.com.bd/brands/28404/gensulin-m30-30-70-sc-injection"
"28658","Gembine","IV Infusion","200 mg/5.26 ml","https://medex.com.bd/brands/28658/gembine-200-mg-iv-infusion"
"28659","Gembine","IV Infusion","1 gm/26.3 ml","https://medex.com.bd/brands/28659/gembine-1-gm-iv-infusion"
"28974","Germlock","Hand Rub","66%+3.5%","https://medex.com.bd/brands/28974/germlock-66-35-hand-rub"
"30295","Germgurd","Hand Rub","75%+0.125%+1.45%","https://medex.com.bd/brands/30295/germgurd-75-0125-hand-rub"
"29982","Gerdnil","Capsule (Enteric Coated)","60 mg","https://medex.com.bd/brands/29982/gerdnil-60-mg-ec-capsule"
"34096","Ghitika","Syrup","600 mg/5 ml","https://medex.com.bd/brands/34096/ghitika-600-mg-syrup"
"31653","Gingoba","Tablet","40 mg","https://medex.com.bd/brands/31653/gingoba-40-mg-tablet"
"35127","Gingobex","Capsule","60 mg","https://medex.com.bd/brands/35127/gingobex-60-mg-capsule"
"34418","Gingoba","Capsule","60 mg","https://medex.com.bd/brands/34418/gingoba-60-mg-capsule"
"34247","Ginoba ER","Tablet (Extended Release)","240 mg","https://medex.com.bd/brands/34247/ginoba-er-240-mg-xr-tablet"
"33670","Ginseng","Capsule","500 mg","https://medex.com.bd/brands/33670/ginseng-500-mg-capsule"
"32291","Ginax","Capsule","500 mg","https://medex.com.bd/brands/32291/ginax-500-mg-capsule"
"31918","Ginkgo-B","Capsule","60 mg","https://medex.com.bd/brands/31918/ginkgo-b-60-mg-capsule"
"31654","Ginsina","Capsule","500 mg","https://medex.com.bd/brands/31654/ginsina-500-mg-capsule"
"29631","Ginton","Capsule","500 mg","https://medex.com.bd/brands/29631/ginton-500-mg-capsule"
"29727","Gingo","Capsule","60 mg","https://medex.com.bd/brands/29727/gingo-60-mg-capsule"
"29728","Gintonic","Syrup","300 mg/5 ml","https://medex.com.bd/brands/29728/gintonic-300-mg-syrup"
"29172","Gigabac","IM/IV Injection","4.5 MIU (150 mg)","https://medex.com.bd/brands/29172/gigabac-45-miu-imiv-injection"
"39683","GL Itch Care Soap","Medicated Bar","","https://medex.com.bd/brands/39683/gl-itch-care-soap-medicated-bar"
"39674","GL Ket Shampoo","Shampoo","","https://medex.com.bd/brands/39674/gl-ket-shampoo-shampoo"
"39695","GL Clean Facewash","Topical Solution","","https://medex.com.bd/brands/39695/gl-clean-facewash-topical-solution"
"39696","GL Light Gel","Topical Gel","","https://medex.com.bd/brands/39696/gl-light-gel-topical-gel"
"31930","Glyriva","Nebuliser Solution","25 mcg/ml","https://medex.com.bd/brands/31930/glyriva-25-mcg-nebuliser-solution"
"31134","Glipatab","Tablet","10 mg","https://medex.com.bd/brands/31134/glipatab-10-mg-tablet"
"31977","Glucium-D","Tablet","750 mg+50 mg","https://medex.com.bd/brands/31977/glucium-d-750-mg-tablet"
"31703","Glucomin XR","Tablet (Extended Release)","1000 mg","https://medex.com.bd/brands/31703/glucomin-xr-1000-mg-xr-tablet"
"31874","Gleazy","Topical Gel","(1 gm+1.3 gm)/50 gm","https://medex.com.bd/brands/31874/gleazy-1-gm-topical-gel"
"31702","Glucomin XR","Tablet (Extended Release)","500 mg","https://medex.com.bd/brands/31702/glucomin-xr-500-mg-xr-tablet"
"35919","Golexin","SC Injection","3.6 mg","https://medex.com.bd/brands/35919/golexin-36-mg-sc-injection"
"32914","GoCal-D","Tablet","500 mg+200 IU","https://medex.com.bd/brands/32914/gocal-d-500-mg-tablet"
"33603","Goodmet","Tablet","500 mg","https://medex.com.bd/brands/33603/goodmet-500-mg-tablet"
"33604","Goodmet","Tablet","850 mg","https://medex.com.bd/brands/33604/goodmet-850-mg-tablet"
"34062","Goodbac-SB","Capsule","250 mg (5 billion CFU)","https://medex.com.bd/brands/34062/goodbac-sb-250-mg-capsule"
"34594","Gored MR","Tablet (Modified Release)","60 mg","https://medex.com.bd/brands/34594/gored-mr-60-mg-mr-tablet"
"34694","Gonal-F","SC Injection","1050 IU/1.75 ml","https://medex.com.bd/brands/34694/gonal-f-1050-iu-sc-injection"
"38953","Gonal-F","SC Injection","900 IU/1.5 ml","https://medex.com.bd/brands/38953/gonal-f-900-iu-sc-injection"
"38142","Golixen","Tablet","150 mg","https://medex.com.bd/brands/38142/golixen-150-mg-tablet"
"37512","Goutacid","Tablet","40 mg","https://medex.com.bd/brands/37512/goutacid-40-mg-tablet"
"36853","GP Caine","Gel","2%","https://medex.com.bd/brands/36853/gp-caine-2-gel"
"4914","Gpentin","Tablet","300 mg","https://medex.com.bd/brands/4914/gpentin-300-mg-tablet"
"36855","GP-Cord","Topical Solution","7.1%","https://medex.com.bd/brands/36855/gp-cord-71-topical-solution"
"37656","Griseofulvin-FP","Tablet","500 mg","https://medex.com.bd/brands/37656/griseofulvin-fp-500-mg-tablet"
"28366","Grafil","IV/SC Injection","300 mcg/0.5 ml","https://medex.com.bd/brands/28366/grafil-300-mcg-injection"
"34125","Grafalon","IV Infusion","100 mg/5 ml","https://medex.com.bd/brands/34125/grafalon-100-mg-iv-infusion"
"34414","Graftcept","Tablet","500 mg","https://medex.com.bd/brands/34414/graftcept-500-mg-tablet"
"36564","Grincal D","Tablet","500 mg+200 IU","https://medex.com.bd/brands/36564/grincal-d-500-mg-tablet"
"36565","Grincal DX","Tablet","600 mg+400 IU","https://medex.com.bd/brands/36565/grincal-dx-600-mg-tablet"
"36852","Green Enema","Rectal Saline","(19 gm+7 gm)/118 ml","https://medex.com.bd/brands/36852/green-enema-19-gm-rectal-saline"
"36854","Green Burn","Cream","1%","https://medex.com.bd/brands/36854/green-burn-1-cream"
"37972","Green Gold","Capsule","","https://medex.com.bd/brands/37972/green-gold-capsule"
"37965","Grisol","Syrup","","https://medex.com.bd/brands/37965/grisol-syrup"
"37950","Green Plus","Capsule","","https://medex.com.bd/brands/37950/green-plus-capsule"
"39158","Griso Ultra","Tablet","125 mg","https://medex.com.bd/brands/39158/griso-ultra-125-mg-tablet"
"3016","GTN SR","Tablet (Sustained Release)","2.6 mg","https://medex.com.bd/brands/3016/gtn-sr-26-mg-sr-tablet"
"30274","GTN","Topical Spray","400 mcg/spray","https://medex.com.bd/brands/30274/gtn-400-mcg-topical-spray"
"1592","Gutset","Tablet","10 mg","https://medex.com.bd/brands/1592/gutset-10-mg-tablet"
"1593","Gutset","Pediatric Drops","5 mg/ml","https://medex.com.bd/brands/1593/gutset-5-mg-pediatric-drop"
"25853","Gutset","Oral Suspension","5 mg/5 ml","https://medex.com.bd/brands/25853/gutset-5-mg-oral-suspension"
"27510","Gutfix","Capsule","24 mcg","https://medex.com.bd/brands/27510/gutfix-24-mcg-capsule"
"27511","Gutfix","Capsule","8 mcg","https://medex.com.bd/brands/27511/gutfix-8-mcg-capsule"
"34383","Gutgel","Effervescent Powder","3.5 gm/5.4 gm","https://medex.com.bd/brands/34383/gutgel-35-gm-eff-powder"
"39792","Gutwin","Tablet","50 mg","https://medex.com.bd/brands/39792/gutwin-50-mg-tablet"
"38690","Gvsil","Oral Suspension","(500 mg+267 mg+160 mg)/10 ml","https://medex.com.bd/brands/38690/gvsil-500-mg-oral-suspension"
"15679","Gynepro","Vaginal Suppository","","https://medex.com.bd/brands/15679/gynepro-vaginal-suppository"
"15680","Gynoril","Vaginal Suppository","","https://medex.com.bd/brands/15680/gynoril-vaginal-suppository"
"15681","Gynoxin","Vaginal Suppository","","https://medex.com.bd/brands/15681/gynoxin-vaginal-suppository"
"15682","Gynastin","Vaginal Suppository","","https://medex.com.bd/brands/15682/gynastin-vaginal-suppository"
"15683","Gyned","Vaginal Suppository","","https://medex.com.bd/brands/15683/gyned-vaginal-suppository"
"15684","Gynoheal","Vaginal Suppository","","https://medex.com.bd/brands/15684/gynoheal-vaginal-suppository"
"16488","Gynova","Tablet","2 mg","https://medex.com.bd/brands/16488/gynova-2-mg-tablet"
"22461","Gynomix","Vaginal Suppository","","https://medex.com.bd/brands/22461/gynomix-vaginal-suppository"
"32844","Gynest","Vaginal Cream","0.1%","https://medex.com.bd/brands/32844/gynest-01-vaginal-cream"
"33153","Gynolac","Capsule","2.3 billion","https://medex.com.bd/brands/33153/gynolac-23-billion-capsule"
"33698","Gynositol","Capsule","500 mg","https://medex.com.bd/brands/33698/gynositol-500-mg-capsule"
"38120","Gynoguard VT","Vaginal Tablet","10 mg","https://medex.com.bd/brands/38120/gynoguard-vt-10-mg-vaginal-tablet"
"34651","HandiSanitizer","Hand Rub","75%+0.125%+1.45%","https://medex.com.bd/brands/34651/handisanitizer-75-0125-hand-rub"
"34097","Hamdard Amla","Scalp Solution","(1.66 ml+3.33 ml)/5 ml","https://medex.com.bd/brands/34097/hamdard-amla-166-ml-scalp-solution"
"34098","Hamdard Balm","Ointment","(200 mg+200 mg+100 mg)/gm","https://medex.com.bd/brands/34098/hamdard-balm-200-mg-ointment"
"34430","Hazmi","Syrup","","https://medex.com.bd/brands/34430/hazmi-syrup"
"34431","Hazmi","Tablet","","https://medex.com.bd/brands/34431/hazmi-tablet"
"34609","Handsafe Plus","Hand Rub","66%+3.5%","https://medex.com.bd/brands/34609/handsafe-plus-66-35-hand-rub"
"35565","Haxicon","Hand Rub","0.5%+70%","https://medex.com.bd/brands/35565/haxicon-05-70-hand-rub"
"33148","Hairgain","Scalp Solution","5%","https://medex.com.bd/brands/33148/hairgain-5-scalp-solution"
"35495","Halonate","Ointment","0.05%","https://medex.com.bd/brands/35495/halonate-005-ointment"
"35494","Halonate","Cream","0.05%","https://medex.com.bd/brands/35494/halonate-005-cream"
"37219","HB-fix","IM Injection","20 mcg/ml","https://medex.com.bd/brands/37219/hb-fix-20-mcg-im-injection"
"5953","HCG","IM/SC Injection","5000 IU/vial","https://medex.com.bd/brands/5953/hcg-5000-iu-imsc-injection"
"29421","HCQ","Tablet","200 mg","https://medex.com.bd/brands/29421/hcq-200-mg-tablet"
"30985","HCG","IM/SC Injection","10000 IU/vial","https://medex.com.bd/brands/30985/hcg-10000-iu-imsc-injection"
"36001","HCG","IM/SC Injection","2500 IU/vial","https://medex.com.bd/brands/36001/hcg-2500-iu-imsc-injection"
"32853","Heximax","Tablet","5 mg","https://medex.com.bd/brands/32853/heximax-5-mg-tablet"
"30251","HexyClore","Hand Rub","0.5%+70%","https://medex.com.bd/brands/30251/hexyclore-05-70-hand-rub"
"30421","Hexilab","Hand Rub","75%+0.125%+1.45%","https://medex.com.bd/brands/30421/hexilab-75-0125-hand-rub"
"31125","Hepanor","Capsule","70 mg","https://medex.com.bd/brands/31125/hepanor-70-mg-capsule"
"31518","Hexaxim","SC Injection","0.5 ml/prefilled syringe","https://medex.com.bd/brands/31518/hexaxim-05-ml-sc-injection"
"32094","Hepamarin","Capsule","140 mg","https://medex.com.bd/brands/32094/hepamarin-140-mg-capsule"
"32430","Hemoject","IV Injection or Infusion","1 gm/20 ml","https://medex.com.bd/brands/32430/hemoject-1-gm-iv-injection"
"32518","Hema","Capsule (Timed Release)","50 mg+0.50 mg+61.80 mg","https://medex.com.bd/brands/32518/hema-50-mg-tr-capsule"
"32848","Hexirest","Tablet","2 mg","https://medex.com.bd/brands/32848/hexirest-2-mg-tablet"
"32849","Hexirest","Tablet","5 mg","https://medex.com.bd/brands/32849/hexirest-5-mg-tablet"
"32852","Heximax","Tablet","2 mg","https://medex.com.bd/brands/32852/heximax-2-mg-tablet"
"474","Hi Gel","Chewable Tablet","250 mg+400 mg","https://medex.com.bd/brands/474/hi-gel-250-mg-chewable-tablet"
"16990","Hi Floxin","Oral Suspension","(200 mg+40 mg)/5 ml","https://medex.com.bd/brands/16990/hi-floxin-200-mg-oral-suspension"
"16989","Hi Floxin","Tablet","400 mg+80 mg","https://medex.com.bd/brands/16989/hi-floxin-400-mg-tablet"
"26900","Hitflam","IM Injection","75 mg/3 ml","https://medex.com.bd/brands/26900/hitflam-75-mg-im-injection"
"27417","Histafen","Tablet","120 mg","https://medex.com.bd/brands/27417/histafen-120-mg-tablet"
"23760","Hidin","Ointment","5% w/w","https://medex.com.bd/brands/23760/hidin-5-w-ointment"
"23328","Hiprazole","Tablet (Enteric Coated)","20 mg","https://medex.com.bd/brands/23328/hiprazole-20-mg-ec-tablet"
"21257","Hi-Lac","Tablet","10 mg","https://medex.com.bd/brands/21257/hi-lac-10-mg-tablet"
"19272","Histal","Tablet","4 mg","https://medex.com.bd/brands/19272/histal-4-mg-tablet"
"19240","Histasip","Syrup","2 mg/5 ml","https://medex.com.bd/brands/19240/histasip-2-mg-syrup"
"14687","Hizin","Syrup","","https://medex.com.bd/brands/14687/hizin-syrup"
"11964","Histacet","Tablet","10 mg","https://medex.com.bd/brands/11964/histacet-10-mg-tablet"
"1820","HK","Capsule (Enteric Coated)","20 mg","https://medex.com.bd/brands/1820/hk-20-mg-ec-capsule"
"24206","HMG","IM/SC Injection","75 IU/vial","https://medex.com.bd/brands/24206/hmg-75-iu-imsc-injection"
"33980","HMG","IM/SC Injection","150 IU/vial","https://medex.com.bd/brands/33980/hmg-150-iu-imsc-injection"
"28174","Holicef","IM Injection","500 mg/vial","https://medex.com.bd/brands/28174/holicef-500-mg-im-injection"
"38988","Holarant","Syrup","","https://medex.com.bd/brands/38988/holarant-syrup"
"37954","Hormo-G SF","Syrup","","https://medex.com.bd/brands/37954/hormo-g-sf-syrup"
"37953","Hormo-G","Syrup","","https://medex.com.bd/brands/37953/hormo-g-syrup"
"37945","Hormo Plus","Tablet","","https://medex.com.bd/brands/37945/hormo-plus-tablet"
"37424","Holicef","IV Injection","500 mg/vial","https://medex.com.bd/brands/37424/holicef-500-mg-injection"
"37423","Holicef","IM Injection","250 mg/vial","https://medex.com.bd/brands/37423/holicef-250-mg-im-injection"
"30395","HopSo-LP","Tablet","90 mg+400 mg","https://medex.com.bd/brands/30395/hopso-lp-90-mg-tablet"
"30394","HopSo-VL","Tablet","400 mg+100 mg","https://medex.com.bd/brands/30394/hopso-vl-400-mg-tablet"
"29732","Honeybas","Syrup","","https://medex.com.bd/brands/29732/honeybas-syrup"
"29108","HollySeed","Capsule","500 mg","https://medex.com.bd/brands/29108/hollyseed-500-mg-capsule"
"4126","Honycol","Syrup","(0.75 ml+1.93 ml)/5 ml","https://medex.com.bd/brands/4126/honycol-075-ml-syrup"
"11394","HPR","Tablet","250 mg","https://medex.com.bd/brands/11394/hpr-250-mg-tablet"
"11395","HPR-DS","Tablet","500 mg","https://medex.com.bd/brands/11395/hpr-ds-500-mg-tablet"
"11396","HPR","Oral Suspension","50 mg/5 ml","https://medex.com.bd/brands/11396/hpr-50-mg-oral-suspension"
"26060","HPC","IM Injection","250 mg/ml","https://medex.com.bd/brands/26060/hpc-250-mg-im-injection"
"30865","HPC DS","IM Injection","500 mg/2 ml","https://medex.com.bd/brands/30865/hpc-ds-500-mg-im-injection"
"33904","HPvax","IM Injection","0.5 ml/dose","https://medex.com.bd/brands/33904/hpvax-05-ml-im-injection"
"14895","HS","IV Infusion","","https://medex.com.bd/brands/14895/hs-iv-infusion"
"2814","HTZ","Tablet","25 mg","https://medex.com.bd/brands/2814/htz-25-mg-tablet"
"34466","HumaPen Ergo II","Insulin Device","","https://medex.com.bd/brands/34466/humapen-ergo-ii-insulin-device"
"33913","Humalog 200","SC Injection","200 unit/ml","https://medex.com.bd/brands/33913/humalog-200-200-unit-sc-injection"
"26944","Humalog Mix","SC Injection","50%+50%","https://medex.com.bd/brands/26944/humalog-mix-50-50-sc-injection"
"26943","Humalog Mix","SC Injection","75%+25%","https://medex.com.bd/brands/26943/humalog-mix-75-25-sc-injection"
"26942","Humalog 100","SC Injection","100 unit/ml","https://medex.com.bd/brands/26942/humalog-100-100-unit-sc-injection"
"26393","Humphry","Tablet","740 mg","https://medex.com.bd/brands/26393/humphry-740-mg-tablet"
"26392","Humphry","Tablet","400 mg","https://medex.com.bd/brands/26392/humphry-400-mg-tablet"
"29415","Hyponor","IV Infusion","2 mg/2 ml","https://medex.com.bd/brands/29415/hyponor-2-mg-iv-infusion"
"28541","Hypezide","Tablet","50 mg","https://medex.com.bd/brands/28541/hypezide-50-mg-tablet"
"28542","Hypose","Ophthalmic Solution","0.3%","https://medex.com.bd/brands/28542/hypose-03-eye-drop"
"28803","Hyginex","Hand Rub","96%+3%+98%","https://medex.com.bd/brands/28803/hyginex-96-3-hand-rub"
"29182","HYLO-GEL","Ophthalmic Gel","0.2%","https://medex.com.bd/brands/29182/hylo-gel-02-eye-gel"
"30929","Hydrocort","Cream","1%","https://medex.com.bd/brands/30929/hydrocort-1-cream"
"30933","Hyprogel","Ophthalmic Gel","0.3%","https://medex.com.bd/brands/30933/hyprogel-03-eye-gel"
"30932","Hydroquin","Tablet","200 mg","https://medex.com.bd/brands/30932/hydroquin-200-mg-tablet"
"28142","Hyxim","Capsule","200 mg","https://medex.com.bd/brands/28142/hyxim-200-mg-capsule"
"30546","Hybrox","Capsule (Sustained Release)","75 mg","https://medex.com.bd/brands/30546/hybrox-75-mg-sr-capsule"
"36731","Ibrucon","Capsule","140 mg","https://medex.com.bd/brands/36731/ibrucon-140-mg-capsule"
"28543","Ibspa","Syrup","10 mg/5 ml","https://medex.com.bd/brands/28543/ibspa-10-mg-syrup"
"28836","Ibruxen","Capsule","140 mg","https://medex.com.bd/brands/28836/ibruxen-140-mg-capsule"
"29285","Ibida","Tablet","200 mg","https://medex.com.bd/brands/29285/ibida-200-mg-tablet"
"29286","Ibida","Tablet","550 mg","https://medex.com.bd/brands/29286/ibida-550-mg-tablet"
"32451","Ibrutab","Tablet","140 mg","https://medex.com.bd/brands/32451/ibrutab-140-mg-tablet"
"32764","Ibutigen","Capsule","140 mg","https://medex.com.bd/brands/32764/ibutigen-140-mg-capsule"
"38211","Ibolax","Tablet","1 mg","https://medex.com.bd/brands/38211/ibolax-1-mg-tablet"
"38210","Ibolax","Tablet","2 mg","https://medex.com.bd/brands/38210/ibolax-2-mg-tablet"
"30498","Icid","Ophthalmic Solution","20%","https://medex.com.bd/brands/30498/icid-20-eye-drop"
"39321","Icyfeel","Cream","80 mg+45 mg+180 mg+10 mg","https://medex.com.bd/brands/39321/icyfeel-80-mg-cream"
"38815","Icosa","Capsule","1 gm","https://medex.com.bd/brands/38815/icosa-1-gm-capsule"
"38810","Ican","IV Infusion","20 mg/ml","https://medex.com.bd/brands/38810/ican-20-mg-iv-infusion"
"38598","Icrom","Ophthalmic Solution","2%","https://medex.com.bd/brands/38598/icrom-2-eye-drop"
"38544","Icand","Tablet","200 mg","https://medex.com.bd/brands/38544/icand-200-mg-tablet"
"38543","Icand","Capsule","100 mg","https://medex.com.bd/brands/38543/icand-100-mg-capsule"
"30499","Icid","Ophthalmic Solution","10%","https://medex.com.bd/brands/30499/icid-10-eye-drop"
"8897","Icol","Ophthalmic Solution","0.5%","https://medex.com.bd/brands/8897/icol-05-eye-drop"
"29198","Icefil","Ophthalmic Solution","0.4%+0.3%","https://medex.com.bd/brands/29198/icefil-04-03-eye-drop"
"2820","Idatix SR","Tablet (Sustained Release)","1.5 mg","https://medex.com.bd/brands/2820/idatix-sr-15-mg-sr-tablet"
"14933","Idrofos Kit","Tablet","150 mg+500 mg+200 IU","https://medex.com.bd/brands/14933/idrofos-kit-150-mg-tablet"
"28661","Idiopag","Tablet","25 mg","https://medex.com.bd/brands/28661/idiopag-25-mg-tablet"
"28662","Idiopag","Tablet","50 mg","https://medex.com.bd/brands/28662/idiopag-50-mg-tablet"
"34126","Idarubicin PhaRes","IV Infusion","10 mg/10 ml","https://medex.com.bd/brands/34126/idarubicin-phares-10-mg-iv-infusion"
"13308","Ifel-TR","Capsule (Timed Release)","150 mg+0.5 mg+61.8 mg","https://medex.com.bd/brands/13308/ifel-tr-150-mg-tr-capsule"
"13309","Ifozin-SR","Capsule (Sustained Release)","150 mg+0.5 mg+61.8 mg","https://medex.com.bd/brands/13309/ifozin-sr-150-mg-sr-capsule"
"17253","Ifomes","IV Injection","400 mg/4 ml","https://medex.com.bd/brands/17253/ifomes-400-mg-injection"
"17321","Ifamide & Mesna","IV Infusion","1 gm & 800 mg","https://medex.com.bd/brands/17321/ifamide-mesna-1-gm-iv-infusion"
"27350","Ifamide & Mesna","IV Infusion","2 gm & 1600 mg","https://medex.com.bd/brands/27350/ifamide-mesna-2-gm-iv-infusion"
"34628","Ifodex","IV Infusion","1 gm/vial","https://medex.com.bd/brands/34628/ifodex-1-gm-iv-infusion"
"34629","Ifodex","IV Infusion","2 gm/vial","https://medex.com.bd/brands/34629/ifodex-2-gm-iv-infusion"
"37678","Ifolcid Plus","Capsule (Timed Release)","150 mg+0.5 mg","https://medex.com.bd/brands/37678/ifolcid-plus-150-mg-tr-capsule"
"38613","Ifoliz","Capsule","","https://medex.com.bd/brands/38613/ifoliz-capsule"
"38713","Igura","Tablet","25 mg","https://medex.com.bd/brands/38713/igura-25-mg-tablet"
"39022","Ihram Neem Soap","Medicated Bar","","https://medex.com.bd/brands/39022/ihram-neem-soap-medicated-bar"
"8644","Ilozin","Tablet","500 mg","https://medex.com.bd/brands/8644/ilozin-500-mg-tablet"
"8645","Ilozin","Powder for Suspension","200 mg/5 ml","https://medex.com.bd/brands/8645/ilozin-200-mg-powder-for-suspension"
"9931","Iluca","Capsule","50 mg","https://medex.com.bd/brands/9931/iluca-50-mg-capsule"
"9932","Iluca","Capsule","150 mg","https://medex.com.bd/brands/9932/iluca-150-mg-capsule"
"16555","Ilodon","Tablet","2 mg","https://medex.com.bd/brands/16555/ilodon-2-mg-tablet"
"16556","Ilodon","Tablet","6 mg","https://medex.com.bd/brands/16556/ilodon-6-mg-tablet"
"26599","Iluca","Powder for Suspension","50 mg/5 ml","https://medex.com.bd/brands/26599/iluca-50-mg-powder-for-suspension"
"32825","Imaxen","Tablet","100 mg","https://medex.com.bd/brands/32825/imaxen-100-mg-tablet"
"34248","Imruza","Tablet","50 mg","https://medex.com.bd/brands/34248/imruza-50-mg-tablet"
"33706","iMAX MUPS","MUPS Tablet","20 mg","https://medex.com.bd/brands/33706/imax-mups-20-mg-mups-table"
"33705","iMAX MUPS","MUPS Tablet","40 mg","https://medex.com.bd/brands/33705/imax-mups-40-mg-mups-table"
"33676","Imutone","Capsule","400 mg","https://medex.com.bd/brands/33676/imutone-400-mg-capsule"
"33369","Imipen","IV Injection","(250 mg+250 mg)/vial","https://medex.com.bd/brands/33369/imipen-250-mg-injection"
"33278","Imu-D","Capsule","40000 IU","https://medex.com.bd/brands/33278/imu-d-40000-iu-capsule"
"33277","Imu-D","Capsule","20000 IU","https://medex.com.bd/brands/33277/imu-d-20000-iu-capsule"
"32829","Imaceva","Tablet","100 mg","https://medex.com.bd/brands/32829/imaceva-100-mg-tablet"
"32828","Imaceva","Tablet","400 mg","https://medex.com.bd/brands/32828/imaceva-400-mg-tablet"
"29164","Imiclara","Cream","5%","https://medex.com.bd/brands/29164/imiclara-5-cream"
"25627","Indozith","Powder for Suspension","200 mg/5 ml","https://medex.com.bd/brands/25627/indozith-200-mg-powder-for-suspension"
"26702","Insulatard Penfill","SC Injection","100 IU/ml","https://medex.com.bd/brands/26702/insulatard-penfill-100-iu-sc-injection"
"26446","Inbuten","Powder for Suspension","90 mg/5 ml","https://medex.com.bd/brands/26446/inbuten-90-mg-powder-for-suspension"
"26445","Inbuten","Capsule","400 mg","https://medex.com.bd/brands/26445/inbuten-400-mg-capsule"
"26425","Insulet ASP","SC Injection","100 IU/ml","https://medex.com.bd/brands/26425/insulet-asp-100-iu-sc-injection"
"25904","Indocef","Powder for Suspension","125 mg/5 ml","https://medex.com.bd/brands/25904/indocef-125-mg-powder-for-suspension"
"25824","Infanil","Powder for Suspension","125 mg/5 ml","https://medex.com.bd/brands/25824/infanil-125-mg-powder-for-suspension"
"25823","Infanil","Tablet","500 mg","https://medex.com.bd/brands/25823/infanil-500-mg-tablet"
"25822","Infanil","Tablet","250 mg","https://medex.com.bd/brands/25822/infanil-250-mg-tablet"
"22113","Insimet XR","Tablet (Extended Release)","500 mg","https://medex.com.bd/brands/22113/insimet-xr-500-mg-xr-tablet"
"23280","Inducin","IM/IV Injection","10 IU/ml","https://medex.com.bd/brands/23280/inducin-10-iu-imiv-injection"
"24676","Inospiron","Tablet","100 mg","https://medex.com.bd/brands/24676/inospiron-100-mg-tablet"
"18447","Ipical DX","Tablet","600 mg+400 IU","https://medex.com.bd/brands/18447/ipical-dx-600-mg-tablet"
"39337","Ipride","Tablet","50 mg","https://medex.com.bd/brands/39337/ipride-50-mg-tablet"
"34063","Ipralin","Nebuliser Solution","(2.5 mg+500 mcg)/ml","https://medex.com.bd/brands/34063/ipralin-25-mg-nebuliser-solution"
"33997","Ipsavent","Metered-Dose Inhaler (MDI)","(100 mcg+20 mcg)/puff","https://medex.com.bd/brands/33997/ipsavent-100-mcg-metered-dose-inhaler"
"30094","IPAclean Hand Sanitizer","Hand Rub","75%+0.125%+1.45%","https://medex.com.bd/brands/30094/ipaclean-hand-sanitizer-75-0125-hand-rub"
"30093","IPAclean Hand Rub","Hand Rub","75%+0.125%+1.45%","https://medex.com.bd/brands/30093/ipaclean-hand-rub-75-0125-hand-rub"
"29112","Iprasol","Nebuliser Solution","(2.5 mg+500 mcg)/ml","https://medex.com.bd/brands/29112/iprasol-25-mg-nebuliser-solution"
"29111","Ipsavent","Nebuliser Solution","(2.5 mg+500 mcg)/3 ml","https://medex.com.bd/brands/29111/ipsavent-25-mg-nebuliser-solution"
"29053","Ipadox","Capsule","100 mg","https://medex.com.bd/brands/29053/ipadox-100-mg-capsule"
"28437","Iprasol","Nebuliser Solution","(2.5 mg+500 mcg)/3 ml","https://medex.com.bd/brands/28437/iprasol-25-mg-nebuliser-solution"
"26303","Ipramid","Nebuliser Solution","250 mcg/ml","https://medex.com.bd/brands/26303/ipramid-250-mcg-nebuliser-solution"
"21070","Iprasol","Metered-Dose Inhaler (MDI)","(100 mcg+20 mcg)/puff","https://medex.com.bd/brands/21070/iprasol-100-mcg-metered-dose-inhaler"
"13548","IQ-Vit","Syrup","","https://medex.com.bd/brands/13548/iq-vit-syrup"
"28191","Iretavir","Tablet","1 mg","https://medex.com.bd/brands/28191/iretavir-1-mg-tablet"
"28190","Iretavir","Tablet","0.5 mg","https://medex.com.bd/brands/28190/iretavir-05-mg-tablet"
"26359","Irosuc","IV Injection or Infusion","100 mg/5 ml","https://medex.com.bd/brands/26359/irosuc-100-mg-iv-injection"
"26262","Iracet XR","Tablet (Extended Release)","500 mg","https://medex.com.bd/brands/26262/iracet-xr-500-mg-xr-tablet"
"22547","Iragon","Tablet (Extended Release)","25 mg","https://medex.com.bd/brands/22547/iragon-25-mg-xr-tablet"
"30231","Isentin M","Tablet","2.5 mg+850 mg","https://medex.com.bd/brands/30231/isentin-m-25-mg-tablet"
"34415","IsoSoft","Lotion","2.5%+0.1%+0.1%+2.5%","https://medex.com.bd/brands/34415/isosoft-25-01-lotion"
"34072","Ispahusk Regular","Effervescent Powder","3.5 gm/5.4 gm","https://medex.com.bd/brands/34072/ispahusk-regular-35-gm-eff-powder"
"31649","Isabgul Plus","Effervescent Powder","(3 gm+1 gm)/4 gm","https://medex.com.bd/brands/31649/isabgul-plus-3-gm-eff-powder"
"30232","Isentin M","Tablet","2.5 mg+1000 mg","https://medex.com.bd/brands/30232/isentin-m-25-mg-tablet"
"29906","Ispahusk Plus","Effervescent Powder","(3.5 gm+7.5 mg)/5.38 gm","https://medex.com.bd/brands/29906/ispahusk-plus-35-gm-eff-powder"
"30095","Ismigen","Sublingual Tablet","7 mg","https://medex.com.bd/brands/30095/ismigen-7-mg-sublingual-tablet"
"29376","Isabgul Plus","Effervescent Powder","(3 gm+1 gm)/4 gm","https://medex.com.bd/brands/29376/isabgul-plus-3-gm-eff-powder"
"37091","Itogut","Tablet","50 mg","https://medex.com.bd/brands/37091/itogut-50-mg-tablet"
"38460","Itrader SB","Capsule","65 mg","https://medex.com.bd/brands/38460/itrader-sb-65-mg-capsule"
"38175","Itracare SB","Capsule","100 mg","https://medex.com.bd/brands/38175/itracare-sb-100-mg-capsule"
"38174","Itracare SB","Capsule","65 mg","https://medex.com.bd/brands/38174/itracare-sb-65-mg-capsule"
"38018","Itramax","Tablet","200 mg","https://medex.com.bd/brands/38018/itramax-200-mg-tablet"
"37710","Itrostred","Medicated Bar","2%","https://medex.com.bd/brands/37710/itrostred-2-medicated-bar"
"37447","Itracap","Oral Solution","50 mg/5 ml","https://medex.com.bd/brands/37447/itracap-50-mg-oral-solution"
"37245","Itrazen SB","Capsule","65 mg","https://medex.com.bd/brands/37245/itrazen-sb-65-mg-capsule"
"36547","Itopa-50","Tablet","50 mg","https://medex.com.bd/brands/36547/itopa-50-50-mg-tablet"
"36633","Itolux","Tablet","50 mg","https://medex.com.bd/brands/36633/itolux-50-mg-tablet"
"36673","Itopid","Tablet","50 mg","https://medex.com.bd/brands/36673/itopid-50-mg-tablet"
"36517","Itazol","Capsule","100 mg","https://medex.com.bd/brands/36517/itazol-100-mg-capsule"
"28713","Ivactin","Tablet","6 mg","https://medex.com.bd/brands/28713/ivactin-6-mg-tablet"
"28714","Ivactin","Tablet","12 mg","https://medex.com.bd/brands/28714/ivactin-12-mg-tablet"
"28719","Ivertin","Tablet","6 mg","https://medex.com.bd/brands/28719/ivertin-6-mg-tablet"
"28747","Ivacure","Tablet","3 mg","https://medex.com.bd/brands/28747/ivacure-3-mg-tablet"
"28748","Ivacure","Tablet","6 mg","https://medex.com.bd/brands/28748/ivacure-6-mg-tablet"
"29047","Iverum","Tablet","6 mg","https://medex.com.bd/brands/29047/iverum-6-mg-tablet"
"30155","Ivrenas","Tablet","200 mg","https://medex.com.bd/brands/30155/ivrenas-200-mg-tablet"
"37208","Ivycof","Syrup","(37.5 mg+50 mg)/5 ml","https://medex.com.bd/brands/37208/ivycof-375-mg-syrup"
"35811","Ivacard","Tablet","7.5 mg","https://medex.com.bd/brands/35811/ivacard-75-mg-tablet"
"38128","Ivosenib","Tablet","250 mg","https://medex.com.bd/brands/38128/ivosenib-250-mg-tablet"
"18569","Izic","Capsule (Timed Release)","50 mg+0.50 mg+61.80 mg","https://medex.com.bd/brands/18569/izic-50-mg-tr-capsule"
"27419","Jasovit-M","Tablet","","https://medex.com.bd/brands/27419/jasovit-m-tablet"
"29125","Jarira","Capsule","250 mg","https://medex.com.bd/brands/29125/jarira-250-mg-capsule"
"28666","Jardimet","Tablet","5 mg+500 mg","https://medex.com.bd/brands/28666/jardimet-5-mg-tablet"
"28449","Jakloc","Tablet","5 mg","https://medex.com.bd/brands/28449/jakloc-5-mg-tablet"
"26681","Jakavi","Tablet","5 mg","https://medex.com.bd/brands/26681/jakavi-5-mg-tablet"
"26447","Jardiance","Tablet","10 mg","https://medex.com.bd/brands/26447/jardiance-10-mg-tablet"
"26448","Jardiance","Tablet","25 mg","https://medex.com.bd/brands/26448/jardiance-25-mg-tablet"
"30286","Jasocaine","Topical Spray","10 mg/spray","https://medex.com.bd/brands/30286/jasocaine-10-mg-topical-spray"
"27278","Jaktor XR","Tablet (Extended Release)","11 mg","https://medex.com.bd/brands/27278/jaktor-xr-11-mg-xr-tablet"
"27418","Jasovit","Pediatric Drops","","https://medex.com.bd/brands/27418/jasovit-pediatric-drop"
"11029","Jefenac TR","Capsule (Timed Release)","100 mg","https://medex.com.bd/brands/11029/jefenac-tr-100-mg-tr-capsule"
"17241","Jevtana","IV Infusion","60 mg/1.5 ml","https://medex.com.bd/brands/17241/jevtana-60-mg-iv-infusion"
"22347","Jetrazole","Tablet","400 mg","https://medex.com.bd/brands/22347/jetrazole-400-mg-tablet"
"29673","Jernide","Syrup","300 mg+100 mg+0.15 ml","https://medex.com.bd/brands/29673/jernide-300-mg-syrup"
"29869","JeeBee","Capsule","60 mg","https://medex.com.bd/brands/29869/jeebee-60-mg-capsule"
"32915","Jeuneau-B","Tablet","100 mg+200 mg+200 mcg","https://medex.com.bd/brands/32915/jeuneau-b-100-mg-tablet"
"35928","Jectofer","IV Injection or Infusion","500 mg/10 ml","https://medex.com.bd/brands/35928/jectofer-500-mg-iv-injection"
"37034","JeeBee","Capsule","120 mg","https://medex.com.bd/brands/37034/jeebee-120-mg-capsule"
"29674","Jinsant","Syrup","","https://medex.com.bd/brands/29674/jinsant-syrup"
"35771","Jigarine","Capsule","250 mg+250 mg","https://medex.com.bd/brands/35771/jigarine-250-mg-capsule"
"35828","Jiryan","Capsule","","https://medex.com.bd/brands/35828/jiryan-capsule"
"35829","Jiryan","Syrup","","https://medex.com.bd/brands/35829/jiryan-syrup"
"8279","Jmycin","Capsule","250 mg","https://medex.com.bd/brands/8279/jmycin-250-mg-capsule"
"36037","JMI Blood Lancet","Lancet Needle","30G","https://medex.com.bd/brands/36037/jmi-blood-lancet-30g-needle"
"37928","Joinflex-M","Tablet","20 mg+750 mg+50 mg+0.75 mg","https://medex.com.bd/brands/37928/joinflex-m-20-mg-tablet"
"35830","Joint Care","Tablet","","https://medex.com.bd/brands/35830/joint-care-tablet"
"35936","JOSH","Oral Powder","","https://medex.com.bd/brands/35936/josh-oral-powder"
"35937","Jowrish Kamuni","Oral Powder","","https://medex.com.bd/brands/35937/jowrish-kamuni-oral-powder"
"35938","Jowrish Bisbasa","Oral Powder","","https://medex.com.bd/brands/35938/jowrish-bisbasa-oral-powder"
"36450","Joint Relief Plus","Tablet","100 mg+500 mg+250 mg+100 mg","https://medex.com.bd/brands/36450/joint-relief-plus-100-mg-tablet"
"38998","Jowarish Zarooni","Semisolid Preparation","","https://medex.com.bd/brands/38998/jowarish-zarooni-semisolid-preparation"
"38996","Jowarish Shahi","Semisolid Preparation","","https://medex.com.bd/brands/38996/jowarish-shahi-semisolid-preparation"
"475","Jpdrox","Chewable Tablet","250 mg+400 mg","https://medex.com.bd/brands/475/jpdrox-250-mg-chewable-tablet"
"503","Jpdrox-S","Chewable Tablet","400 mg+400 mg+30 mg","https://medex.com.bd/brands/503/jpdrox-s-400-mg-chewable-tablet"
"27420","Jpdrox","Oral Suspension","(200 mg+125 mg)/5 ml","https://medex.com.bd/brands/27420/jpdrox-200-mg-oral-suspension"
"5148","Juvain","Tablet","800 mg","https://medex.com.bd/brands/5148/juvain-800-mg-tablet"
"5149","Juvain","Syrup","500 mg/5 ml","https://medex.com.bd/brands/5149/juvain-500-mg-syrup"
"13549","Junivit","Syrup","","https://medex.com.bd/brands/13549/junivit-syrup"
"26760","Juci","Oral Powder","500 mg","https://medex.com.bd/brands/26760/juci-500-mg-oral-powder"
"27012","Juparib","Tablet","150 mg","https://medex.com.bd/brands/27012/juparib-150-mg-tablet"
"32005","Jupitavir","Tablet","150 mg+100 mg","https://medex.com.bd/brands/32005/jupitavir-150-mg-tablet"
"37716","Junimin","IV Infusion","","https://medex.com.bd/brands/37716/junimin-iv-infusion"
"37764","Jumper (JPD-HA200)","BP Monitor Device","Digital blood pressure monitor","https://medex.com.bd/brands/37764/jumper-jpd-ha200-digital-blood-bp-monitor-device"
"37775","Jumper (JPD-HA210)","BP Monitor Device","Digital blood pressure monitor","https://medex.com.bd/brands/37775/jumper-jpd-ha210-digital-blood-bp-monitor-device"
"37780","Jumper (JPD-HA121)","BP Monitor Device","Digital blood pressure monitor","https://medex.com.bd/brands/37780/jumper-jpd-ha121-digital-blood-bp-monitor-device"
"29216","Karvela","Tablet","800 mg","https://medex.com.bd/brands/29216/karvela-800-mg-tablet"
"31440","Kaneva","Tablet","150 mg","https://medex.com.bd/brands/31440/kaneva-150-mg-tablet"
"31439","Kaneva","Tablet","100 mg","https://medex.com.bd/brands/31439/kaneva-100-mg-tablet"
"31117","Kabiven Central","Emulsion for infusion","1026 ml/bag","https://medex.com.bd/brands/31117/kabiven-central-1026-ml-emulsion-for-infusion"
"31018","Kabiven Perifer","Emulsion for infusion","1206 ml/bag","https://medex.com.bd/brands/31018/kabiven-perifer-1206-ml-emulsion-for-infusion"
"29169","Kapron","IV Infusion","200 mg/100 ml","https://medex.com.bd/brands/29169/kapron-200-mg-iv-infusion"
"28443","Kalcoral-D","Tablet","500 mg+200 IU","https://medex.com.bd/brands/28443/kalcoral-d-500-mg-tablet"
"28444","Kalcoral kit","Tablet","150 mg+600 mg+400 IU","https://medex.com.bd/brands/28444/kalcoral-kit-150-mg-tablet"
"31536","Kacin","IM/IV Injection","250 mg/2 ml","https://medex.com.bd/brands/31536/kacin-250-mg-imiv-injection"
"29188","Kanamycin-POS","Ophthalmic Solution","6.2 mg/ml","https://medex.com.bd/brands/29188/kanamycin-pos-62-mg-eye-drop"
"14837","KCL","Syrup","500 mg/5 ml","https://medex.com.bd/brands/14837/kcl-500-mg-syrup"
"14838","KCL","Injection","150 mg/ml","https://medex.com.bd/brands/14838/kcl-150-mg-injection"
"28489","Kcit","Oral Solution","(1500 mg+250 mg)/5 ml","https://medex.com.bd/brands/28489/kcit-1500-mg-oral-solution"
"504","Kdrox Plus","Chewable Tablet","400 mg+400 mg+30 mg","https://medex.com.bd/brands/504/kdrox-plus-400-mg-chewable-tablet"
"5135","Kdrin","Tablet","5 mg","https://medex.com.bd/brands/5135/kdrin-5-mg-tablet"
"5136","Kdrin","IM/IV Injection","10 mg/2 ml","https://medex.com.bd/brands/5136/kdrin-10-mg-imiv-injection"
"21305","Ketocure","Syrup","1 mg/5 ml","https://medex.com.bd/brands/21305/ketocure-1-mg-syrup"
"21265","Ketonaaf","Tablet","10 mg","https://medex.com.bd/brands/21265/ketonaaf-10-mg-tablet"
"21269","Ketoshot","IM/IV Injection","30 mg/ml","https://medex.com.bd/brands/21269/ketoshot-30-mg-imiv-injection"
"21271","Ketoshot","Tablet","10 mg","https://medex.com.bd/brands/21271/ketoshot-10-mg-tablet"
"21272","Kelorac","IM/IV Injection","30 mg/ml","https://medex.com.bd/brands/21272/kelorac-30-mg-imiv-injection"
"21283","Kerol","Tablet","10 mg","https://medex.com.bd/brands/21283/kerol-10-mg-tablet"
"21285","Ketoprix","IM/IV Injection","30 mg/ml","https://medex.com.bd/brands/21285/ketoprix-30-mg-imiv-injection"
"21294","Ketorif","Ophthalmic Solution","0.025%","https://medex.com.bd/brands/21294/ketorif-0025-eye-drop"
"21300","Ketotifen","Tablet","1 mg","https://medex.com.bd/brands/21300/ketotifen-1-mg-tablet"
"21304","Ketocure","Tablet","1 mg","https://medex.com.bd/brands/21304/ketocure-1-mg-tablet"
"27575","Keteks","IM/IV Injection","60 mg/2 ml","https://medex.com.bd/brands/27575/keteks-60-mg-imiv-injection"
"7265","Kfore","Tablet","250 mg","https://medex.com.bd/brands/7265/kfore-250-mg-tablet"
"7266","Kfore","Tablet","500 mg","https://medex.com.bd/brands/7266/kfore-500-mg-tablet"
"7267","Kfore","Powder for Suspension","125 mg/5 ml","https://medex.com.bd/brands/7267/kfore-125-mg-powder-for-suspension"
"15344","Kflam","Tablet","10 mg","https://medex.com.bd/brands/15344/kflam-10-mg-tablet"
"15345","Kflam","IM/IV Injection","30 mg/ml","https://medex.com.bd/brands/15345/kflam-30-mg-imiv-injection"
"38999","Khamira Abresham","Semisolid Preparation","","https://medex.com.bd/brands/38999/khamira-abresham-semisolid-preparation"
"39000","Khamira Gawzaban","Semisolid Preparation","","https://medex.com.bd/brands/39000/khamira-gawzaban-semisolid-preparation"
"39001","Khamira Gawzaban Ambari Jawahirdar","Semisolid Preparation","","https://medex.com.bd/brands/39001/khamira-gawzaban-ambari-jawahirdar-semisolid-preparation"
"39002","Khamira Marwareed","Semisolid Preparation","","https://medex.com.bd/brands/39002/khamira-marwareed-semisolid-preparation"
"26517","Kidsol DS","IV Infusion","0.45%+5%","https://medex.com.bd/brands/26517/kidsol-ds-045-5-iv-infusion"
"29096","Kinexa","Tablet","20 mg","https://medex.com.bd/brands/29096/kinexa-20-mg-tablet"
"29095","Kinexa","Tablet","2.5 mg","https://medex.com.bd/brands/29095/kinexa-25-mg-tablet"
"29094","Kinexa","Tablet","15 mg","https://medex.com.bd/brands/29094/kinexa-15-mg-tablet"
"29093","Kinexa","Tablet","10 mg","https://medex.com.bd/brands/29093/kinexa-10-mg-tablet"
"28490","Kindical-DX","Tablet","600 mg+400 IU","https://medex.com.bd/brands/28490/kindical-dx-600-mg-tablet"
"15434","Kitorex","Tablet","10 mg","https://medex.com.bd/brands/15434/kitorex-10-mg-tablet"
"21321","Kitaf","Syrup","1 mg/5 ml","https://medex.com.bd/brands/21321/kitaf-1-mg-syrup"
"25053","Kingdol","Capsule","50 mg","https://medex.com.bd/brands/25053/kingdol-50-mg-capsule"
"15346","Kilpan","Tablet","10 mg","https://medex.com.bd/brands/15346/kilpan-10-mg-tablet"
"28040","Klion","Tablet","200 mg","https://medex.com.bd/brands/28040/klion-200-mg-tablet"
"34715","Klabex","Powder for Suspension","125 mg/5 ml","https://medex.com.bd/brands/34715/klabex-125-mg-powder-for-suspension"
"34043","Klinisol","Hand Rub","0.5%+70%","https://medex.com.bd/brands/34043/klinisol-05-70-hand-rub"
"34042","Klin","Solution","0.3%+3%","https://medex.com.bd/brands/34042/klin-03-3-solution"
"32984","Klinkof-M","Syrup","(100 mg+1.1 mg+14 mg)/5 ml","https://medex.com.bd/brands/32984/klinkof-m-100-mg-syrup"
"32977","Klinkof-D","Syrup","(14 mg+6.5 mg+2 mg)/5 ml","https://medex.com.bd/brands/32977/klinkof-d-14-mg-syrup"
"32536","Klokap","Capsule","500 mg","https://medex.com.bd/brands/32536/klokap-500-mg-capsule"
"30256","KleanHand","Hand Rub","75%+0.125%+1.45%","https://medex.com.bd/brands/30256/kleanhand-75-0125-hand-rub"
"30096","Klabid-DS","Powder for Suspension","250 mg/5 ml","https://medex.com.bd/brands/30096/klabid-ds-250-mg-powder-for-suspension"
"28042","Klion","Oral Suspension","200 mg/5 ml","https://medex.com.bd/brands/28042/klion-200-mg-oral-suspension"
"28041","Klion","Tablet","400 mg","https://medex.com.bd/brands/28041/klion-400-mg-tablet"
"8764","Klabid","Tablet","250 mg","https://medex.com.bd/brands/8764/klabid-250-mg-tablet"
"20625","Kmi","Tablet","320 mg","https://medex.com.bd/brands/20625/kmi-320-mg-tablet"
"15348","Knil","Tablet","10 mg","https://medex.com.bd/brands/15348/knil-10-mg-tablet"
"15349","Knil","IM/IV Injection","30 mg/ml","https://medex.com.bd/brands/15349/knil-30-mg-imiv-injection"
"39272","Knito","Tablet","50 mg","https://medex.com.bd/brands/39272/knito-50-mg-tablet"
"32535","Korola","IM/IV Injection","30 mg/ml","https://medex.com.bd/brands/32535/korola-30-mg-imiv-injection"
"28955","Kovlon","Hand Rub","1%","https://medex.com.bd/brands/28955/kovlon-1-hand-rub"
"29401","Kovicin","Tablet","200 mg","https://medex.com.bd/brands/29401/kovicin-200-mg-tablet"
"29494","Koolmint","Cream","15%+10%","https://medex.com.bd/brands/29494/koolmint-15-10-cream"
"29633","Kobi","Capsule","60 mg","https://medex.com.bd/brands/29633/kobi-60-mg-capsule"
"29634","Kobi","Capsule","40 mg","https://medex.com.bd/brands/29634/kobi-40-mg-capsule"
"30727","Koreg","Tablet","25 mg","https://medex.com.bd/brands/30727/koreg-25-mg-tablet"
"32534","Korola","Tablet","10 mg","https://medex.com.bd/brands/32534/korola-10-mg-tablet"
"37703","Konaz Shampoo","Shampoo","2%","https://medex.com.bd/brands/37703/konaz-shampoo-2-shampoo"
"37062","Kona","Shampoo","2%","https://medex.com.bd/brands/37062/kona-2-shampoo"
"37416","Kofmelt","Syrup","15 mg/5 ml","https://medex.com.bd/brands/37416/kofmelt-15-mg-syrup"
"4252","Kpam","Tablet","3 mg","https://medex.com.bd/brands/4252/kpam-3-mg-tablet"
"15350","KPR","Tablet","10 mg","https://medex.com.bd/brands/15350/kpr-10-mg-tablet"
"322","Krimizole","Oral Suspension","200 mg/5 ml","https://medex.com.bd/brands/322/krimizole-200-mg-oral-suspension"
"323","Krimizole DS","Chewable Tablet","400 mg","https://medex.com.bd/brands/323/krimizole-ds-400-mg-chewable-tablet"
"14839","KT","Syrup","500 mg/5 ml","https://medex.com.bd/brands/14839/kt-500-mg-syrup"
"14840","KT","Injection","150 mg/ml","https://medex.com.bd/brands/14840/kt-150-mg-injection"
"6077","kTx","Tablet","5 mg","https://medex.com.bd/brands/6077/ktx-5-mg-tablet"
"6078","kTx","Tablet","10 mg","https://medex.com.bd/brands/6078/ktx-10-mg-tablet"
"6079","kTx","Tablet","20 mg","https://medex.com.bd/brands/6079/ktx-20-mg-tablet"
"15965","Ktin","Syrup","1 mg/5 ml","https://medex.com.bd/brands/15965/ktin-1-mg-syrup"
"15966","Ktin","Tablet","1 mg","https://medex.com.bd/brands/15966/ktin-1-mg-tablet"
"21233","KTL","Tablet","10 mg","https://medex.com.bd/brands/21233/ktl-10-mg-tablet"
"31477","KTM","Tablet","10 mg","https://medex.com.bd/brands/31477/ktm-10-mg-tablet"
"4049","Kufflin","Syrup","15 mg/5 ml","https://medex.com.bd/brands/4049/kufflin-15-mg-syrup"
"6554","Kumumox","Capsule","250 mg","https://medex.com.bd/brands/6554/kumumox-250-mg-capsule"
"6555","Kumumox","Capsule","500 mg","https://medex.com.bd/brands/6555/kumumox-500-mg-capsule"
"6556","Kumumox","Powder for Suspension","125 mg/5 ml","https://medex.com.bd/brands/6556/kumumox-125-mg-powder-for-suspension"
"7590","Kuracef","Tablet","200 mg","https://medex.com.bd/brands/7590/kuracef-200-mg-tablet"
"7591","Kuracef","Tablet","400 mg","https://medex.com.bd/brands/7591/kuracef-400-mg-tablet"
"7592","Kuracef","Powder for Suspension","100 mg/5 ml","https://medex.com.bd/brands/7592/kuracef-100-mg-powder-for-suspension"
"8494","Kumucin","Powder for Suspension","125 mg/5 ml","https://medex.com.bd/brands/8494/kumucin-125-mg-powder-for-suspension"
"19486","Kuit","Tablet","0.5 mg","https://medex.com.bd/brands/19486/kuit-05-mg-tablet"
"19487","Kuit","Tablet","1 mg","https://medex.com.bd/brands/19487/kuit-1-mg-tablet"
"29676","Kulzam","Liquid","","https://medex.com.bd/brands/29676/kulzam-liquid"
"13505","Kvit-D","Injectable Solution (Oral & IM)","200000 IU/ml","https://medex.com.bd/brands/13505/kvit-d-200000-iu-injectable-solution"
"13557","Kvit Seas","Syrup","","https://medex.com.bd/brands/13557/kvit-seas-syrup"
"13588","Kvit-TH","Tablet","100 mg","https://medex.com.bd/brands/13588/kvit-th-100-mg-tablet"
"13649","Kvit-N","Tablet","100 mg+200 mg+200 mcg","https://medex.com.bd/brands/13649/kvit-n-100-mg-tablet"
"13793","Kvit-B","Tablet","5 mg+2 mg+2 mg+20 mg","https://medex.com.bd/brands/13793/kvit-b-5-mg-tablet"
"13794","Kvit-B","Syrup","(5 mg+2 mg+2 mg+20 mg)/5 ml","https://medex.com.bd/brands/13794/kvit-b-5-mg-syrup"
"13927","Kvit-C","Chewable Tablet","250 mg","https://medex.com.bd/brands/13927/kvit-c-250-mg-chewable-tablet"
"14099","Kvit Gold","Tablet","","https://medex.com.bd/brands/14099/kvit-gold-tablet"
"14206","Kvit-M","Tablet","","https://medex.com.bd/brands/14206/kvit-m-tablet"
"16196","Kvit-I","Capsule","60 mg+30 mg+6 mg+2 mg+15 mg","https://medex.com.bd/brands/16196/kvit-i-60-mg-capsule"
"25323","Kvit-N","IM Injection","(100 mg+100 mg+1 mg)/3 ml","https://medex.com.bd/brands/25323/kvit-n-100-mg-im-injection"
"6013","kX-50","Tablet","50 mg","https://medex.com.bd/brands/6013/kx-50-50-mg-tablet"
"6014","kX-100","Tablet","100 mg","https://medex.com.bd/brands/6014/kx-100-100-mg-tablet"
"11359","Kynol TR","Capsule (Timed Release)","200 mg","https://medex.com.bd/brands/11359/kynol-tr-200-mg-tr-capsule"
"37558","Kytido","Tablet","50 mg","https://medex.com.bd/brands/37558/kytido-50-mg-tablet"
"31537","Lamitrin","Dispersible Tablet","2 mg","https://medex.com.bd/brands/31537/lamitrin-2-mg-dispersible-tablet"
"32726","Laxur Plus","Tablet","40 mg+50 mg","https://medex.com.bd/brands/32726/laxur-plus-40-mg-tablet"
"32586","Lagita","Oral Suspension","(500 mg+100 mg)/5 ml","https://medex.com.bd/brands/32586/lagita-500-mg-oral-suspension"
"32380","Laxopic","Oral Solution","5 mg/5 ml","https://medex.com.bd/brands/32380/laxopic-5-mg-oral-solution"
"32379","Laxopic","Tablet","10 mg","https://medex.com.bd/brands/32379/laxopic-10-mg-tablet"
"31538","Lamitrin","Dispersible Tablet","5 mg","https://medex.com.bd/brands/31538/lamitrin-5-mg-dispersible-tablet"
"31131","Laxadil-EP","Effervescent Powder","3.5 gm/5.4 gm","https://medex.com.bd/brands/31131/laxadil-ep-35-gm-eff-powder"
"31071","Lansoprol","Capsule (Enteric Coated)","30 mg","https://medex.com.bd/brands/31071/lansoprol-30-mg-ec-capsule"
"32846","Laxadil-Senna","Effervescent Powder","(3.5 gm+7.5 mg)/5.38 gm","https://medex.com.bd/brands/32846/laxadil-senna-35-gm-eff-powder"
"31174","Lanib","Capsule","4 mg","https://medex.com.bd/brands/31174/lanib-4-mg-capsule"
"29326","Lenvika","Capsule","10 mg","https://medex.com.bd/brands/29326/lenvika-10-mg-capsule"
"30768","Lesero","IM/IV Injection","1 gm/vial","https://medex.com.bd/brands/30768/lesero-1-gm-imiv-injection"
"30365","Ledomide","Capsule","25 mg","https://medex.com.bd/brands/30365/ledomide-25-mg-capsule"
"30364","Ledomide","Capsule","10 mg","https://medex.com.bd/brands/30364/ledomide-10-mg-capsule"
"29902","Lecaren","Tablet","100 mg+25 mg+200 mg","https://medex.com.bd/brands/29902/lecaren-100-mg-tablet"
"29734","Lecosav","Syrup","","https://medex.com.bd/brands/29734/lecosav-syrup"
"29327","Lenvika","Capsule","4 mg","https://medex.com.bd/brands/29327/lenvika-4-mg-capsule"
"28549","Lebutal","Syrup","1 mg/5 ml","https://medex.com.bd/brands/28549/lebutal-1-mg-syrup"
"28707","Lenvacent","Capsule","4 mg","https://medex.com.bd/brands/28707/lenvacent-4-mg-capsule"
"28556","Levolo","Ophthalmic Solution","0.5%","https://medex.com.bd/brands/28556/levolo-05-eye-drop"
"36301","LG-M","Tablet","2.5 mg+500 mg","https://medex.com.bd/brands/36301/lg-m-25-mg-tablet"
"29497","Linadus M","Tablet","2.5 mg+500 mg","https://medex.com.bd/brands/29497/linadus-m-25-mg-tablet"
"29498","Linadus M","Tablet","2.5 mg+850 mg","https://medex.com.bd/brands/29498/linadus-m-25-mg-tablet"
"29499","Linadus M","Tablet","2.5 mg+1000 mg","https://medex.com.bd/brands/29499/linadus-m-25-mg-tablet"
"29636","Lina","Capsule","250 mg","https://medex.com.bd/brands/29636/lina-250-mg-capsule"
"29637","Lina","Capsule","500 mg","https://medex.com.bd/brands/29637/lina-500-mg-capsule"
"29854","Linez","Tablet","600 mg","https://medex.com.bd/brands/29854/linez-600-mg-tablet"
"29416","Livacol","Tablet","5 mg","https://medex.com.bd/brands/29416/livacol-5-mg-tablet"
"29677","Libidex","Capsule","","https://medex.com.bd/brands/29677/libidex-capsule"
"2716","LK","Tablet","25 mg","https://medex.com.bd/brands/2716/lk-25-mg-tablet"
"2717","LK","Tablet","50 mg","https://medex.com.bd/brands/2717/lk-50-mg-tablet"
"2948","LK Plus","Tablet","50 mg+12.5 mg","https://medex.com.bd/brands/2948/lk-plus-50-mg-tablet"
"32471","LM","Tablet","2.5 mg","https://medex.com.bd/brands/32471/lm-25-mg-tablet"
"32472","LM","Tablet","5 mg","https://medex.com.bd/brands/32472/lm-5-mg-tablet"
"25979","LNC","Tablet","5 mg","https://medex.com.bd/brands/25979/lnc-5-mg-tablet"
"25980","LNC","Tablet","10 mg","https://medex.com.bd/brands/25980/lnc-10-mg-tablet"
"23031","Losectil MUPS","MUPS Tablet","20 mg","https://medex.com.bd/brands/23031/losectil-mups-20-mg-mups-table"
"27265","Losanil","Tablet","50 mg","https://medex.com.bd/brands/27265/losanil-50-mg-tablet"
"26771","Losectil V","Capsule (Enteric Coated)","40 mg","https://medex.com.bd/brands/26771/losectil-v-40-mg-ec-capsule"
"26770","Losectil V","Capsule (Enteric Coated)","20 mg","https://medex.com.bd/brands/26770/losectil-v-20-mg-ec-capsule"
"26570","Loteflam G","Ophthalmic Suspension","0.5%+0.3%","https://medex.com.bd/brands/26570/loteflam-g-05-03-ophthalmic-suspension"
"26363","Loxetine","Tablet (Delayed Release)","30 mg","https://medex.com.bd/brands/26363/loxetine-30-mg-dr-tablet"
"26362","Loxetine","Tablet (Delayed Release)","20 mg","https://medex.com.bd/brands/26362/loxetine-20-mg-dr-tablet"
"26219","Losucon M","Tablet (Sustained Release)","1 mg+500 mg","https://medex.com.bd/brands/26219/losucon-m-1-mg-sr-tablet"
"25014","Lograin","Tablet","200 mg","https://medex.com.bd/brands/25014/lograin-200-mg-tablet"
"23206","Lowet","Capsule","120 mg","https://medex.com.bd/brands/23206/lowet-120-mg-capsule"
"21914","Lotemic T","Ophthalmic Suspension","0.5%+0.3%","https://medex.com.bd/brands/21914/lotemic-t-05-03-ophthalmic-suspension"
"21917","Lotrel G","Ophthalmic Suspension","0.5%+0.3%","https://medex.com.bd/brands/21917/lotrel-g-05-03-ophthalmic-suspension"
"12217","Ltdin","Tablet","10 mg","https://medex.com.bd/brands/12217/ltdin-10-mg-tablet"
"33691","Lutexan","Capsule","25 mg+5 mg","https://medex.com.bd/brands/33691/lutexan-25-mg-capsule"
"31091","Luvena","Capsule","3.2 billion","https://medex.com.bd/brands/31091/luvena-32-billion-capsule"
"31234","Lulitop","Cream","1%","https://medex.com.bd/brands/31234/lulitop-1-cream"
"31482","Lupravir","Capsule","200 mg","https://medex.com.bd/brands/31482/lupravir-200-mg-capsule"
"32709","Luminus","Tablet","10 mg","https://medex.com.bd/brands/32709/luminus-10-mg-tablet"
"33406","Luzinta","Capsule","20 mg+5 mg","https://medex.com.bd/brands/33406/luzinta-20-mg-capsule"
"33522","Lulif","Cream","1%","https://medex.com.bd/brands/33522/lulif-1-cream"
"33657","Luvio","Capsule","60 mg+30 mg+6 mg+2 mg+15 mg","https://medex.com.bd/brands/33657/luvio-60-mg-capsule"
"34259","Lulifast","Cream","1%","https://medex.com.bd/brands/34259/lulifast-1-cream"
"34258","Lulifun","Cream","1%","https://medex.com.bd/brands/34258/lulifun-1-cream"
"34257","Luzol","Cream","1%","https://medex.com.bd/brands/34257/luzol-1-cream"
"34413","Lulizol","Lotion","1%","https://medex.com.bd/brands/34413/lulizol-1-lotion"
"12173","LVC","Tablet","5 mg","https://medex.com.bd/brands/12173/lvc-5-mg-tablet"
"36469","Lyca CR","Tablet (Controlled Release)","82.5 mg","https://medex.com.bd/brands/36469/lyca-cr-825-mg-cr-tablet"
"30893","Lyroxen","Capsule","25 mg","https://medex.com.bd/brands/30893/lyroxen-25-mg-capsule"
"30894","Lyroxen","Capsule","50 mg","https://medex.com.bd/brands/30894/lyroxen-50-mg-capsule"
"32704","Lyrinex CR","Tablet (Extended Release)","82.5 mg","https://medex.com.bd/brands/32704/lyrinex-cr-825-mg-xr-tablet"
"32705","Lyrinex CR","Tablet (Extended Release)","165 mg","https://medex.com.bd/brands/32705/lyrinex-cr-165-mg-xr-tablet"
"33213","Lybon-D","Tablet","500 mg+200 IU","https://medex.com.bd/brands/33213/lybon-d-500-mg-tablet"
"33252","Lyco","Oral Solution","(1500 mg+250 mg)/5 ml","https://medex.com.bd/brands/33252/lyco-1500-mg-oral-solution"
"34393","Lyroxen CR","Tablet (Controlled Release)","82.5 mg","https://medex.com.bd/brands/34393/lyroxen-cr-825-mg-cr-tablet"
"34394","Lyroxen CR","Tablet (Controlled Release)","165 mg","https://medex.com.bd/brands/34394/lyroxen-cr-165-mg-cr-tablet"
"35081","Lyby","Scalp Lotion","7.4 mg/gm","https://medex.com.bd/brands/35081/lyby-74-mg-scalp-lotion"
"38167","Lyvelsa","Tablet","10 mg","https://medex.com.bd/brands/38167/lyvelsa-10-mg-tablet"
"29847","Maxipass","Capsule (Modified Release)","0.4 mg","https://medex.com.bd/brands/29847/maxipass-04-mg-mr-capsule"
"30813","Malorin","Syrup","80 mg/5 ml","https://medex.com.bd/brands/30813/malorin-80-mg-syrup"
"30477","Magnum","Tablet","365 mg","https://medex.com.bd/brands/30477/magnum-365-mg-tablet"
"30224","Maxima MUPS","MUPS Tablet","40 mg","https://medex.com.bd/brands/30224/maxima-mups-40-mg-mups-table"
"30171","MarinCal-DX","Tablet","600 mg+400 IU","https://medex.com.bd/brands/30171/marincal-dx-600-mg-tablet"
"30056","Marvelouse Plus","Tablet","0.03 mg+0.15 mg","https://medex.com.bd/brands/30056/marvelouse-plus-003-mg-tablet"
"29989","Mantadin","Capsule","100 mg","https://medex.com.bd/brands/29989/mantadin-100-mg-capsule"
"29679","Majoon Arade Khurma","Semisolid Preparation","","https://medex.com.bd/brands/29679/majoon-arade-khurma-semisolid-preparation"
"13433","MB 12","Tablet","500 mcg","https://medex.com.bd/brands/13433/mb-12-500-mcg-tablet"
"13434","MB 12","IM/IV Injection","500 mcg/ml","https://medex.com.bd/brands/13434/mb-12-500-mcg-imiv-injection"
"25505","Mbroxol","Syrup","15 mg/5 ml","https://medex.com.bd/brands/25505/mbroxol-15-mg-syrup"
"37766","MDF (MDF808M)","BP Monitor Device","Manual blood pressure monitor","https://medex.com.bd/brands/37766/mdf-mdf808m-manual-blood-bp-monitor-device"
"27054","Metherspan","Tablet","125 mcg","https://medex.com.bd/brands/27054/metherspan-125-mcg-tablet"
"26274","Methigic","Tablet","16 mg","https://medex.com.bd/brands/26274/methigic-16-mg-tablet"
"26571","Methipred","IM/IV Injection","1 gm/vial","https://medex.com.bd/brands/26571/methipred-1-gm-imiv-injection"
"26572","Methipred","IM/IV Injection","500 mg/vial","https://medex.com.bd/brands/26572/methipred-500-mg-imiv-injection"
"26627","Metanib","Tablet","400 mg","https://medex.com.bd/brands/26627/metanib-400-mg-tablet"
"26659","Mendil","Syrup","(14 mg+2 mg)/5 ml","https://medex.com.bd/brands/26659/mendil-14-mg-syrup"
"26777","Memanto","Tablet","10 mg","https://medex.com.bd/brands/26777/memanto-10-mg-tablet"
"26778","Memanto","Tablet","5 mg","https://medex.com.bd/brands/26778/memanto-5-mg-tablet"
"26840","Metsa XR","Tablet (Extended Release)","1000 mg","https://medex.com.bd/brands/26840/metsa-xr-1000-mg-xr-tablet"
"27649","Mestiza","Capsule","40 mg","https://medex.com.bd/brands/27649/mestiza-40-mg-capsule"
"27390","Mefin","Tablet","850 mg","https://medex.com.bd/brands/27390/mefin-850-mg-tablet"
"27520","Melano","Cream","0.01%+4%+0.05%","https://medex.com.bd/brands/27520/melano-001-4-cream"
"9634","MFC","Ophthalmic Solution","0.5%","https://medex.com.bd/brands/9634/mfc-05-eye-drop"
"33425","Mg","Tablet","365 mg","https://medex.com.bd/brands/33425/mg-365-mg-tablet"
"27969","MHC","Cream","2%+1%","https://medex.com.bd/brands/27969/mhc-2-1-cream"
"32272","Mirader","Tablet (Extended Release)","25 mg","https://medex.com.bd/brands/32272/mirader-25-mg-xr-tablet"
"32720","Mintol","Capsule","187 mg/0.2 ml","https://medex.com.bd/brands/32720/mintol-187-mg-capsule"
"32719","Mintek","Capsule","187 mg/0.2 ml","https://medex.com.bd/brands/32719/mintek-187-mg-capsule"
"32392","Midoria","Intracameral Injection","0.02%+0.31%+1%","https://medex.com.bd/brands/32392/midoria-002-031-injection"
"32370","Mitadip","Tablet","7.5 mg","https://medex.com.bd/brands/32370/mitadip-75-mg-tablet"
"32369","Mitadip","Tablet","30 mg","https://medex.com.bd/brands/32369/mitadip-30-mg-tablet"
"32368","Mitadip","Tablet","15 mg","https://medex.com.bd/brands/32368/mitadip-15-mg-tablet"
"32336","Miaz","Cream","2% w/w","https://medex.com.bd/brands/32336/miaz-2-w-cream"
"32292","Micoheal","Cream","2% w/w","https://medex.com.bd/brands/32292/micoheal-2-w-cream"
"30492","Mirolast","Ophthalmic Solution","0.1%","https://medex.com.bd/brands/30492/mirolast-01-eye-drop"
"30484","Miltefos","Capsule","50 mg","https://medex.com.bd/brands/30484/miltefos-50-mg-capsule"
"26732","MM Kit","Tablet","200 mg+200 mcg","https://medex.com.bd/brands/26732/mm-kit-200-mg-tablet"
"30571","MMF","Tablet","500 mg","https://medex.com.bd/brands/30571/mmf-500-mg-tablet"
"37110","MMR Vaccine","IM/SC Injection","0.5 ml/vial","https://medex.com.bd/brands/37110/mmr-vaccine-05-ml-imsc-injection"
"28563","Montekast","Chewable Tablet","4 mg","https://medex.com.bd/brands/28563/montekast-4-mg-chewable-tablet"
"29505","Moxilocin D","Ophthalmic Solution","0.5%+0.1%","https://medex.com.bd/brands/29505/moxilocin-d-05-01-eye-drop"
"29078","Moxier","Tablet","400 mg","https://medex.com.bd/brands/29078/moxier-400-mg-tablet"
"29066","Mouthcare","Mouthwash","1 gm/100 ml","https://medex.com.bd/brands/29066/mouthcare-1-gm-mouthwash"
"28763","Montezen","Chewable Tablet","5 mg","https://medex.com.bd/brands/28763/montezen-5-mg-chewable-tablet"
"28762","Montezen","Tablet","10 mg","https://medex.com.bd/brands/28762/montezen-10-mg-tablet"
"28565","Moxlocin XG","Ophthalmic Solution","0.5%+0.4%","https://medex.com.bd/brands/28565/moxlocin-xg-05-04-eye-drop"
"28564","Moxlocin D","Ophthalmic Solution","0.5%+0.1%","https://medex.com.bd/brands/28564/moxlocin-d-05-01-eye-drop"
"27970","Movonac TR","Capsule (Timed Release)","100 mg","https://medex.com.bd/brands/27970/movonac-tr-100-mg-tr-capsule"
"31485","MQ-4","Tablet","400 mg","https://medex.com.bd/brands/31485/mq-4-400-mg-tablet"
"27242","MR Kit","Tablet","200 mg+200 mcg","https://medex.com.bd/brands/27242/mr-kit-200-mg-tablet"
"10673","MSL","Tablet","10 mg","https://medex.com.bd/brands/10673/msl-10-mg-tablet"
"22669","MSL Retard","Retard Tablet","15 mg","https://medex.com.bd/brands/22669/msl-retard-15-mg-retard-tablet"
"22671","MSL","Oral Solution","5 mg/5 ml","https://medex.com.bd/brands/22671/msl-5-mg-oral-solution"
"15059","Mtrex","IV Injection or Infusion","50 mg/2 ml","https://medex.com.bd/brands/15059/mtrex-50-mg-iv-injection"
"15065","MTX","Tablet","2.5 mg","https://medex.com.bd/brands/15065/mtx-25-mg-tablet"
"15066","MTX","IV Injection or Infusion","50 mg/2 ml","https://medex.com.bd/brands/15066/mtx-50-mg-iv-injection"
"15689","MTP Kit","Tablet","200 mg+200 mcg","https://medex.com.bd/brands/15689/mtp-kit-200-mg-tablet"
"22616","MTS","Tablet","10 mg","https://medex.com.bd/brands/22616/mts-10-mg-tablet"
"27352","Mtrex","Tablet","2.5 mg","https://medex.com.bd/brands/27352/mtrex-25-mg-tablet"
"27353","Mtrex","Tablet","10 mg","https://medex.com.bd/brands/27353/mtrex-10-mg-tablet"
"25501","Mutex","Syrup","15 mg/5 ml","https://medex.com.bd/brands/25501/mutex-15-mg-syrup"
"22695","Mupitas","Ointment","2% w/w","https://medex.com.bd/brands/22695/mupitas-2-w-ointment"
"27086","Murein","Capsule","500 mg","https://medex.com.bd/brands/27086/murein-500-mg-capsule"
"31487","MV-COD","Syrup","","https://medex.com.bd/brands/31487/mv-cod-syrup"
"39284","MX-Care","Capsule","5.4 mg","https://medex.com.bd/brands/39284/mx-care-54-mg-capsule"
"29178","MY Jelly","Gel","11.25%","https://medex.com.bd/brands/29178/my-jelly-1125-gel"
"31823","My Zinc","Tablet","20 mg","https://medex.com.bd/brands/31823/my-zinc-20-mg-tablet"
"32285","Myfocin","Tablet","500 mg","https://medex.com.bd/brands/32285/myfocin-500-mg-tablet"
"30097","Myrica","Capsule","25 mg","https://medex.com.bd/brands/30097/myrica-25-mg-capsule"
"30473","Mydrate","Ophthalmic Solution","10 mg/ml","https://medex.com.bd/brands/30473/mydrate-10-mg-eye-drop"
"30671","Mylastin","Tablet","20 mg","https://medex.com.bd/brands/30671/mylastin-20-mg-tablet"
"30818","Mystacin","Syrup","2 mg/5 ml","https://medex.com.bd/brands/30818/mystacin-2-mg-syrup"
"31175","Mylomid","Capsule","10 mg","https://medex.com.bd/brands/31175/mylomid-10-mg-capsule"
"31176","Mylomid","Capsule","25 mg","https://medex.com.bd/brands/31176/mylomid-25-mg-capsule"
"33226","Mycofast","Cream","2%","https://medex.com.bd/brands/33226/mycofast-2-cream"
"33206","Myocard AM","Tablet","2.5 mg+5 mg","https://medex.com.bd/brands/33206/myocard-am-25-mg-tablet"
"33196","Myosit","Tablet","750 mg","https://medex.com.bd/brands/33196/myosit-750-mg-tablet"
"28789","Naafzinc-DS","Tablet","20 mg","https://medex.com.bd/brands/28789/naafzinc-ds-20-mg-tablet"
"29550","Nalzin","Tablet","10 mg","https://medex.com.bd/brands/29550/nalzin-10-mg-tablet"
"29549","Nalzin","Tablet","5 mg","https://medex.com.bd/brands/29549/nalzin-5-mg-tablet"
"29079","Napreso","Tablet (Delayed Release)","500 mg+20 mg","https://medex.com.bd/brands/29079/napreso-500-mg-dr-tablet"
"28802","Naafboost","Syrup","","https://medex.com.bd/brands/28802/naafboost-syrup"
"28790","Naafzinc-DS","Syrup","20 mg/5 ml","https://medex.com.bd/brands/28790/naafzinc-ds-20-mg-syrup"
"28063","Naafvit AZ","Tablet","","https://medex.com.bd/brands/28063/naafvit-az-tablet"
"28276","Nalphin","IM/IV Injection","20 mg/ml","https://medex.com.bd/brands/28276/nalphin-20-mg-imiv-injection"
"28275","Nalbun","IM/IV Injection","20 mg/2 ml","https://medex.com.bd/brands/28275/nalbun-20-mg-imiv-injection"
"16187","NCL","Ophthalmic Solution","5%","https://medex.com.bd/brands/16187/ncl-5-eye-drop"
"37662","NCR FAST","Tablet","20 mg","https://medex.com.bd/brands/37662/ncr-fast-20-mg-tablet"
"37663","NCR FAST","Tablet","40 mg","https://medex.com.bd/brands/37663/ncr-fast-40-mg-tablet"
"30179","Neurocet","Oral Solution","500 mg/5 ml","https://medex.com.bd/brands/30179/neurocet-500-mg-oral-solution"
"29958","Neorex","Capsule","250 mg","https://medex.com.bd/brands/29958/neorex-250-mg-capsule"
"29959","Neorex","Capsule","500 mg","https://medex.com.bd/brands/29959/neorex-500-mg-capsule"
"29960","Neorex","Powder for Suspension","125 mg/5 ml","https://medex.com.bd/brands/29960/neorex-125-mg-powder-for-suspension"
"30144","Nebiren","Tablet","2.5 mg","https://medex.com.bd/brands/30144/nebiren-25-mg-tablet"
"30145","Nebiren","Tablet","5 mg","https://medex.com.bd/brands/30145/nebiren-5-mg-tablet"
"30373","Nesudil Plus","Ophthalmic Solution","0.02% + 0.005%","https://medex.com.bd/brands/30373/nesudil-plus-002-eye-drop"
"30382","Neocard","Tablet","60 mg","https://medex.com.bd/brands/30382/neocard-60-mg-tablet"
"30381","Neocard","Tablet","30 mg","https://medex.com.bd/brands/30381/neocard-30-mg-tablet"
"29740","Nervolin","Syrup","","https://medex.com.bd/brands/29740/nervolin-syrup"
"32837","NFT","Capsule (Sustained Release)","100 mg","https://medex.com.bd/brands/32837/nft-100-mg-sr-capsule"
"32838","NFT","Oral Suspension","25 mg/5 ml","https://medex.com.bd/brands/32838/nft-25-mg-oral-suspension"
"7603","Ngcef","Capsule","200 mg","https://medex.com.bd/brands/7603/ngcef-200-mg-capsule"
"7604","Ngcef","Powder for Suspension","100 mg/5 ml","https://medex.com.bd/brands/7604/ngcef-100-mg-powder-for-suspension"
"15880","NGS","Ophthalmic Suspension","0.1%","https://medex.com.bd/brands/15880/ngs-01-ophthalmic-suspension"
"27813","Ngcef","Capsule","400 mg","https://medex.com.bd/brands/27813/ngcef-400-mg-capsule"
"27814","Ngcef DS","Powder for Suspension","200 mg/5 ml","https://medex.com.bd/brands/27814/ngcef-ds-200-mg-powder-for-suspension"
"26427","Nitrocard","Topical Spray","400 mcg/spray","https://medex.com.bd/brands/26427/nitrocard-400-mcg-topical-spray"
"28101","Nilicon","IV Injection","1 gm/vial","https://medex.com.bd/brands/28101/nilicon-1-gm-injection"
"28100","Nilicon","IV Injection","2 gm/vial","https://medex.com.bd/brands/28100/nilicon-2-gm-injection"
"28047","Nilkof","Syrup","(10 mg+30 mg+1.25 mg)/5 ml","https://medex.com.bd/brands/28047/nilkof-10-mg-syrup"
"27670","Nilagel","Capsule","500 mg","https://medex.com.bd/brands/27670/nilagel-500-mg-capsule"
"26896","Nidazyl","IV Infusion","500 mg/100 ml","https://medex.com.bd/brands/26896/nidazyl-500-mg-iv-infusion"
"26576","Night Fresh","Ophthalmic Ointment","57.3%+42.5%+0.2%","https://medex.com.bd/brands/26576/night-fresh-573-425-eye-ointment"
"26372","Nitrofur SR","Capsule (Sustained Release)","100 mg","https://medex.com.bd/brands/26372/nitrofur-sr-100-mg-sr-capsule"
"25311","Nins","Tablet","100 mg+200 mg+200 mcg","https://medex.com.bd/brands/25311/nins-100-mg-tablet"
"26233","Nintoin","Capsule","50 mg","https://medex.com.bd/brands/26233/nintoin-50-mg-capsule"
"28102","Nilicon","IV Injection","500 mg/vial","https://medex.com.bd/brands/28102/nilicon-500-mg-injection"
"26373","Nitrofur SR","Capsule (Sustained Release)","50 mg","https://medex.com.bd/brands/26373/nitrofur-sr-50-mg-sr-capsule"
"27628","Normoglobin","IV Injection or Infusion","500 mg/10 ml","https://medex.com.bd/brands/27628/normoglobin-500-mg-iv-injection"
"28406","Norditropin Simplex","SC Injection","5 mg/1.5 ml","https://medex.com.bd/brands/28406/norditropin-simplex-5-mg-sc-injection"
"28155","Nohist","Tablet","10 mg","https://medex.com.bd/brands/28155/nohist-10-mg-tablet"
"28048","Nop","Tablet","5 mg","https://medex.com.bd/brands/28048/nop-5-mg-tablet"
"27872","Nox","Tablet","6 mg+200 mg+50 mg","https://medex.com.bd/brands/27872/nox-6-mg-tablet"
"27735","Novocaine","Ophthalmic Solution","0.4%","https://medex.com.bd/brands/27735/novocaine-04-eye-drop"
"27187","Novavit Gold","Tablet","","https://medex.com.bd/brands/27187/novavit-gold-tablet"
"27188","Novavit Silver","Tablet","","https://medex.com.bd/brands/27188/novavit-silver-tablet"
"27189","Novaflox","Tablet","500 mg","https://medex.com.bd/brands/27189/novaflox-500-mg-tablet"
"27102","Nordette 28","Tablet","0.03 mg+0.15 mg+75 mg","https://medex.com.bd/brands/27102/nordette-28-003-mg-tablet"
"15894","NPH","Ear Drop","(10 mg+3400 Units+10000 Units)/ml","https://medex.com.bd/brands/15894/nph-10-mg-ear-drop"
"26733","NPV","Tablet (Delayed Release)","10 mg+10 mg","https://medex.com.bd/brands/26733/npv-10-mg-dr-tablet"
"14857","NRG","Oral Powder","100%","https://medex.com.bd/brands/14857/nrg-100-oral-powder"
"12356","NSB","Ointment","(5 mg+500 IU)/gm","https://medex.com.bd/brands/12356/nsb-5-mg-ointment"
"32378","NSC","Nasal Drop","0.9%","https://medex.com.bd/brands/32378/nsc-09-nasal-drop"
"2330","NTZ","Powder for Suspension","100 mg/5 ml","https://medex.com.bd/brands/2330/ntz-100-mg-powder-for-suspension"
"36036","NTI Blood Lancets","Lancet Needle","30G","https://medex.com.bd/brands/36036/nti-blood-lancets-30g-needle"
"38063","NTZ","Tablet","500 mg","https://medex.com.bd/brands/38063/ntz-500-mg-tablet"
"34244","Nuliza","Cream","1%","https://medex.com.bd/brands/34244/nuliza-1-cream"
"33663","Nutriva","Tablet","500 mg","https://medex.com.bd/brands/33663/nutriva-500-mg-tablet"
"32989","Nuviron","Tablet","48 mg+0.5 mg+22.5 mg","https://medex.com.bd/brands/32989/nuviron-48-mg-tablet"
"32928","Nudom","Tablet","10 mg","https://medex.com.bd/brands/32928/nudom-10-mg-tablet"
"32927","Nucip","Tablet","500 mg","https://medex.com.bd/brands/32927/nucip-500-mg-tablet"
"32347","Nutrivit-C","Effervescent Tablet","1000 mg","https://medex.com.bd/brands/32347/nutrivit-c-1000-mg-eff-tablet"
"31505","Nupiravir","Capsule","200 mg","https://medex.com.bd/brands/31505/nupiravir-200-mg-capsule"
"30917","Nuloc","IV Injection","40 mg/vial","https://medex.com.bd/brands/30917/nuloc-40-mg-injection"
"29866","Nutrilina","Capsule","500 mg","https://medex.com.bd/brands/29866/nutrilina-500-mg-capsule"
"25329","Nuropa","Tablet","100 mg+200 mg+200 mcg","https://medex.com.bd/brands/25329/nuropa-100-mg-tablet"
"25732","Nubis","Tablet","5 mg","https://medex.com.bd/brands/25732/nubis-5-mg-tablet"
"4637","NVP","Tablet","25 mg+50 mg","https://medex.com.bd/brands/4637/nvp-25-mg-tablet"
"5456","NVmet","Tablet","500 mg","https://medex.com.bd/brands/5456/nvmet-500-mg-tablet"
"5457","NVmet","Tablet","850 mg","https://medex.com.bd/brands/5457/nvmet-850-mg-tablet"
"5458","NVmet SR","Tablet (Sustained Release)","500 mg","https://medex.com.bd/brands/5458/nvmet-sr-500-mg-sr-tablet"
"27087","NX Plus","Tablet (Delayed Release)","500 mg+20 mg","https://medex.com.bd/brands/27087/nx-plus-500-mg-dr-tablet"
"27088","NX Plus","Tablet (Delayed Release)","375 mg+20 mg","https://medex.com.bd/brands/27088/nx-plus-375-mg-dr-tablet"
"26234","Nyclobate","Topical Spray","0.05%","https://medex.com.bd/brands/26234/nyclobate-005-topical-spray"
"38245","Nytenso","Tablet","5 mg","https://medex.com.bd/brands/38245/nytenso-5-mg-tablet"
"35594","Nytenso","Tablet","20 mg","https://medex.com.bd/brands/35594/nytenso-20-mg-tablet"
"35593","Nytenso","Tablet","10 mg","https://medex.com.bd/brands/35593/nytenso-10-mg-tablet"
"34741","Nystaderm","Cream","1%+2%","https://medex.com.bd/brands/34741/nystaderm-1-2-cream"
"33848","Nyclobate-S","Ointment","0.05%+3%","https://medex.com.bd/brands/33848/nyclobate-s-005-3-ointment"
"29334","Nystat Plus","Cream","1%+2%","https://medex.com.bd/brands/29334/nystat-plus-1-2-cream"
"28414","Nycof D","Syrup","(14 mg+6.5 mg+2 mg)/5 ml","https://medex.com.bd/brands/28414/nycof-d-14-mg-syrup"
"27629","Nyclobate","Lotion","0.05%","https://medex.com.bd/brands/27629/nyclobate-005-lotion"
"27300","Nytkof","Syrup","(10 mg+30 mg+1.25 mg)/5 ml","https://medex.com.bd/brands/27300/nytkof-10-mg-syrup"
"9807","Nysol","Oral Suspension","100000 unit/ml","https://medex.com.bd/brands/9807/nysol-100000-unit-oral-suspension"
"37321","Oasis","Ophthalmic Gel","0.3%","https://medex.com.bd/brands/37321/oasis-03-eye-gel"
"39580","Obila ODT","Dispersible Tablet","10 mg","https://medex.com.bd/brands/39580/obila-odt-10-mg-dispersible-tablet"
"39579","Obila","Tablet","20 mg","https://medex.com.bd/brands/39579/obila-20-mg-tablet"
"37265","Obexa","Tablet","10 mg","https://medex.com.bd/brands/37265/obexa-10-mg-tablet"
"37264","Obexa","Tablet","5 mg","https://medex.com.bd/brands/37264/obexa-5-mg-tablet"
"36851","Obstane","Cream","1% w/w","https://medex.com.bd/brands/36851/obstane-1-w-cream"
"34942","Obscare","Cream","1% w/w","https://medex.com.bd/brands/34942/obscare-1-w-cream"
"32215","Obetic","Tablet","10 mg","https://medex.com.bd/brands/32215/obetic-10-mg-tablet"
"32214","Obetic","Tablet","5 mg","https://medex.com.bd/brands/32214/obetic-5-mg-tablet"
"5459","Obemet","Tablet","500 mg","https://medex.com.bd/brands/5459/obemet-500-mg-tablet"
"28464","Obecol","Tablet","10 mg","https://medex.com.bd/brands/28464/obecol-10-mg-tablet"
"27165","Ocoral DX","Tablet","600 mg+400 IU","https://medex.com.bd/brands/27165/ocoral-dx-600-mg-tablet"
"32830","Ocaliva","Tablet","5 mg","https://medex.com.bd/brands/32830/ocaliva-5-mg-tablet"
"31948","Octreotide","Injection","50 mcg/ml","https://medex.com.bd/brands/31948/octreotide-50-mcg-injection"
"31947","Octreotide","Injection","100 mcg/ml","https://medex.com.bd/brands/31947/octreotide-100-mcg-injection"
"30624","Ocupin","Ophthalmic Ointment","1%","https://medex.com.bd/brands/30624/ocupin-1-eye-ointment"
"30623","Ocupin","Ophthalmic Solution","1%","https://medex.com.bd/brands/30623/ocupin-1-eye-drop"
"28576","Ocluma B","Ophthalmic Suspension","1%+0.2%","https://medex.com.bd/brands/28576/ocluma-b-1-02-ophthalmic-suspension"
"27671","Ocubil","Capsule","160 mg","https://medex.com.bd/brands/27671/ocubil-160-mg-capsule"
"24990","Ocupres","Ophthalmic Solution","0.5%","https://medex.com.bd/brands/24990/ocupres-05-eye-drop"
"26578","Oceancal-D","Tablet","500 mg+200 IU","https://medex.com.bd/brands/26578/oceancal-d-500-mg-tablet"
"26579","Oceancal-DX","Tablet","600 mg+400 IU","https://medex.com.bd/brands/26579/oceancal-dx-600-mg-tablet"
"23955","Ocof","Syrup","(20 mg+10 mg+2.5 mg)/5 ml","https://medex.com.bd/brands/23955/ocof-20-mg-syrup"
"28569","Odatron","Tablet","4 mg","https://medex.com.bd/brands/28569/odatron-4-mg-tablet"
"12133","Odafen","Tablet","180 mg","https://medex.com.bd/brands/12133/odafen-180-mg-tablet"
"12134","Odafen","Oral Suspension","30 mg/5 ml","https://medex.com.bd/brands/12134/odafen-30-mg-oral-suspension"
"15794","Odeson","Tablet","0.5 mg","https://medex.com.bd/brands/15794/odeson-05-mg-tablet"
"16370","Oditen","Powder for Suspension","90 mg/5 ml","https://medex.com.bd/brands/16370/oditen-90-mg-powder-for-suspension"
"16371","Oditen","Capsule","400 mg","https://medex.com.bd/brands/16371/oditen-400-mg-capsule"
"20339","Odofex","Tablet","120 mg","https://medex.com.bd/brands/20339/odofex-120-mg-tablet"
"25577","Odazyth","Capsule","250 mg","https://medex.com.bd/brands/25577/odazyth-250-mg-capsule"
"28105","Odessy","Shampoo","2%","https://medex.com.bd/brands/28105/odessy-2-shampoo"
"31903","Odycin D","Ophthalmic Solution","0.5%+0.1%","https://medex.com.bd/brands/31903/odycin-d-05-01-eye-drop"
"29877","Odatron","Oral Solution","4 mg/5 ml","https://medex.com.bd/brands/29877/odatron-4-mg-oral-solution"
"31723","Oditen","Capsule","200 mg","https://medex.com.bd/brands/31723/oditen-200-mg-capsule"
"33993","Oestrogel","Topical Gel","0.06%","https://medex.com.bd/brands/33993/oestrogel-006-topical-gel"
"15361","Ofpain","IM/IV Injection","30 mg/ml","https://medex.com.bd/brands/15361/ofpain-30-mg-imiv-injection"
"38472","Ofloxacin-POS","Ophthalmic Solution","0.3%","https://medex.com.bd/brands/38472/ofloxacin-pos-03-eye-drop"
"37303","Oflo Plus","Ear Drop","0.3%+1%+0.025%+2%","https://medex.com.bd/brands/37303/oflo-plus-03-1-ear-drop"
"34416","Ofex DS","Powder for Suspension","200 mg/5 ml","https://medex.com.bd/brands/34416/ofex-ds-200-mg-powder-for-suspension"
"29069","Ofmit","IM/IV Injection","8 mg/4 ml","https://medex.com.bd/brands/29069/ofmit-8-mg-imiv-injection"
"23169","Ofmit","Tablet","8 mg","https://medex.com.bd/brands/23169/ofmit-8-mg-tablet"
"21261","Ofpain","IM/IV Injection","60 mg/2 ml","https://medex.com.bd/brands/21261/ofpain-60-mg-imiv-injection"
"15555","Ofuran SR","Tablet (Sustained Release)","100 mg","https://medex.com.bd/brands/15555/ofuran-sr-100-mg-sr-tablet"
"15449","Ofpain","Ophthalmic Solution","0.5%","https://medex.com.bd/brands/15449/ofpain-05-eye-drop"
"4021","Ofkof","Syrup","(10 mg+30 mg+1.25 mg)/5 ml","https://medex.com.bd/brands/4021/ofkof-10-mg-syrup"
"5581","Ogli","Tablet","15 mg","https://medex.com.bd/brands/5581/ogli-15-mg-tablet"
"28804","Ogivri","IV Infusion","440 mg/20 ml","https://medex.com.bd/brands/28804/ogivri-440-mg-iv-infusion"
"39300","Oilatum Junior","Cream","6.0% + 15.0%","https://medex.com.bd/brands/39300/oilatum-junior-60-cream"
"26540","Okical-D","Tablet","500 mg+400 IU","https://medex.com.bd/brands/26540/okical-d-500-mg-tablet"
"26541","Okical-DX","Tablet","600 mg+400 IU","https://medex.com.bd/brands/26541/okical-dx-600-mg-tablet"
"36026","Okmeter Match","Test strip","","https://medex.com.bd/brands/36026/okmeter-match-test-strip"
"36047","OKmeter Meter","Glucometer","","https://medex.com.bd/brands/36047/okmeter-meter-glucometer"
"32608","Olmetor","Tablet","40 mg","https://medex.com.bd/brands/32608/olmetor-40-mg-tablet"
"32021","Olpres","Tablet","20 mg","https://medex.com.bd/brands/32021/olpres-20-mg-tablet"
"32022","Olpres HZ","Tablet","40 mg+12.5 mg","https://medex.com.bd/brands/32022/olpres-hz-40-mg-tablet"
"32023","Olpres HZ","Tablet","20 mg+12.5 mg","https://medex.com.bd/brands/32023/olpres-hz-20-mg-tablet"
"32024","Olpres","Tablet","40 mg","https://medex.com.bd/brands/32024/olpres-40-mg-tablet"
"32100","Olmenor","Tablet","20 mg","https://medex.com.bd/brands/32100/olmenor-20-mg-tablet"
"32101","Olmenor","Tablet","40 mg","https://medex.com.bd/brands/32101/olmenor-40-mg-tablet"
"32394","Olanap ODT","Dispersible Tablet","10 mg","https://medex.com.bd/brands/32394/olanap-odt-10-mg-dispersible-tablet"
"32395","Olanap ODT","Dispersible Tablet","5 mg","https://medex.com.bd/brands/32395/olanap-odt-5-mg-dispersible-tablet"
"32606","Olmetor","Tablet","10 mg","https://medex.com.bd/brands/32606/olmetor-10-mg-tablet"
"32607","Olmetor","Tablet","20 mg","https://medex.com.bd/brands/32607/olmetor-20-mg-tablet"
"32707","Olmeben","Tablet","40 mg","https://medex.com.bd/brands/32707/olmeben-40-mg-tablet"
"1843","OM","Capsule (Enteric Coated)","20 mg","https://medex.com.bd/brands/1843/om-20-mg-ec-capsule"
"1844","OM","Capsule (Enteric Coated)","40 mg","https://medex.com.bd/brands/1844/om-40-mg-ec-capsule"
"23063","Omemed","Capsule (Enteric Coated)","20 mg","https://medex.com.bd/brands/23063/omemed-20-mg-ec-capsule"
"23055","Omex","IV Injection","40 mg/vial","https://medex.com.bd/brands/23055/omex-40-mg-injection"
"23064","Omemed","Capsule (Enteric Coated)","40 mg","https://medex.com.bd/brands/23064/omemed-40-mg-ec-capsule"
"23066","Omenaaf","Capsule (Enteric Coated)","20 mg","https://medex.com.bd/brands/23066/omenaaf-20-mg-ec-capsule"
"23089","Omilux","Capsule (Enteric Coated)","20 mg","https://medex.com.bd/brands/23089/omilux-20-mg-ec-capsule"
"23106","Ometem","Capsule (Enteric Coated)","20 mg","https://medex.com.bd/brands/23106/ometem-20-mg-ec-capsule"
"23107","Ometem","Capsule (Enteric Coated)","40 mg","https://medex.com.bd/brands/23107/ometem-40-mg-ec-capsule"
"23111","Omectil","Capsule (Enteric Coated)","20 mg","https://medex.com.bd/brands/23111/omectil-20-mg-ec-capsule"
"32532","Omegel","Capsule (Enteric Coated)","20 mg","https://medex.com.bd/brands/32532/omegel-20-mg-ec-capsule"
"36030","On Call Plus","Test strip","","https://medex.com.bd/brands/36030/on-call-plus-test-strip"
"36029","On Call EZ II","Glucometer","","https://medex.com.bd/brands/36029/on-call-ez-ii-glucometer"
"36028","On call extra","Test strip","","https://medex.com.bd/brands/36028/on-call-extra-test-strip"
"28000","One Gold","Tablet","","https://medex.com.bd/brands/28000/one-gold-tablet"
"32086","Onedex","Capsule (Enteric Coated)","60 mg","https://medex.com.bd/brands/32086/onedex-60-mg-ec-capsule"
"32967","Onriva Trio","Dry Powder Inhalation Capsule (DPI)","150 mcg+50 mcg+160 mcg","https://medex.com.bd/brands/32967/onriva-trio-150-mcg-inhalation-capsule"
"32213","Onvicon Plus","Oral Suspension","(500 mg+267 mg+160 mg)/10 ml","https://medex.com.bd/brands/32213/onvicon-plus-500-mg-oral-suspension"
"27999","Onclav","Tablet","500 mg+125 mg","https://medex.com.bd/brands/27999/onclav-500-mg-tablet"
"32085","Onedex","Capsule (Enteric Coated)","30 mg","https://medex.com.bd/brands/32085/onedex-30-mg-ec-capsule"
"22998","Opatin DS","Ophthalmic Solution","0.2%","https://medex.com.bd/brands/22998/opatin-ds-02-eye-drop"
"16201","Optavit","Capsule","60 mg+30 mg+6 mg+2 mg+15 mg","https://medex.com.bd/brands/16201/optavit-60-mg-capsule"
"18352","Optifen","Ophthalmic Solution","0.09%","https://medex.com.bd/brands/18352/optifen-009-eye-drop"
"19727","Opcare","Ophthalmic Solution","0.1%+0.5%","https://medex.com.bd/brands/19727/opcare-01-05-eye-drop"
"22681","Optimox","Ophthalmic Ointment","0.5%","https://medex.com.bd/brands/22681/optimox-05-eye-ointment"
"22989","Optadin-DS","Ophthalmic Solution","0.2%","https://medex.com.bd/brands/22989/optadin-ds-02-eye-drop"
"22996","Opatin","Ophthalmic Solution","0.1%","https://medex.com.bd/brands/22996/opatin-01-eye-drop"
"25054","Opalgic","Capsule","50 mg","https://medex.com.bd/brands/25054/opalgic-50-mg-capsule"
"26126","Opton","Capsule (Enteric Coated)","20 mg","https://medex.com.bd/brands/26126/opton-20-mg-ec-capsule"
"25547","Optivas","Tablet","20 mg","https://medex.com.bd/brands/25547/optivas-20-mg-tablet"
"25546","Optivas","Tablet","10 mg","https://medex.com.bd/brands/25546/optivas-10-mg-tablet"
"16200","Optagold","Capsule","60 mg+30 mg+6 mg+2 mg+15 mg","https://medex.com.bd/brands/16200/optagold-60-mg-capsule"
"10236","OR","Tablet","500 mg","https://medex.com.bd/brands/10236/or-500-mg-tablet"
"26235","Origano DR","Tablet (Delayed Release)","180 mg","https://medex.com.bd/brands/26235/origano-dr-180-mg-dr-tablet"
"27062","Ortical","Tablet","740 mg","https://medex.com.bd/brands/27062/ortical-740-mg-tablet"
"27061","Orlifit","Capsule","120 mg","https://medex.com.bd/brands/27061/orlifit-120-mg-capsule"
"26898","Orlev","Tablet","500 mg","https://medex.com.bd/brands/26898/orlev-500-mg-tablet"
"26897","Orlev","Tablet","250 mg","https://medex.com.bd/brands/26897/orlev-250-mg-tablet"
"26734","Orocal Kit","Tablet","150 mg & 400 mg","https://medex.com.bd/brands/26734/orocal-kit-150-mg-tablet"
"26236","Origano DR","Tablet (Delayed Release)","360 mg","https://medex.com.bd/brands/26236/origano-dr-360-mg-dr-tablet"
"23262","Oramycin","Capsule","250 mg","https://medex.com.bd/brands/23262/oramycin-250-mg-capsule"
"25648","Orgazith","Tablet","500 mg","https://medex.com.bd/brands/25648/orgazith-500-mg-tablet"
"25720","Orabis","Tablet","2.5 mg","https://medex.com.bd/brands/25720/orabis-25-mg-tablet"
"23079","Orpra","Capsule (Enteric Coated)","20 mg","https://medex.com.bd/brands/23079/orpra-20-mg-ec-capsule"
"29963","Ostocal Vita","Effervescent Tablet","1358.196 mg+600 mg (Coral calcium)+400 IU","https://medex.com.bd/brands/29963/ostocal-vita-1358196-mg-eff-tablet"
"27635","Osteo-D","Capsule","40000 IU","https://medex.com.bd/brands/27635/osteo-d-40000-iu-capsule"
"28156","Osovast","Tablet","10 mg","https://medex.com.bd/brands/28156/osovast-10-mg-tablet"
"28465","Osmotic","IV Infusion","20%","https://medex.com.bd/brands/28465/osmotic-20-iv-infusion"
"29081","Osedan","Tablet","8 mg","https://medex.com.bd/brands/29081/osedan-8-mg-tablet"
"29892","Ostylon","Capsule","400 mg","https://medex.com.bd/brands/29892/ostylon-400-mg-capsule"
"30868","Ostoref DX","Tablet","600 mg+400 IU","https://medex.com.bd/brands/30868/ostoref-dx-600-mg-tablet"
"30487","Osmifen","Tablet","60 mg","https://medex.com.bd/brands/30487/osmifen-60-mg-tablet"
"30486","Osmina","Tablet","60 mg","https://medex.com.bd/brands/30486/osmina-60-mg-tablet"
"32760","Osmigen","Tablet","80 mg","https://medex.com.bd/brands/32760/osmigen-80-mg-tablet"
"12831","OT sol","Hand Rub","0.5%+70%","https://medex.com.bd/brands/12831/ot-sol-05-70-hand-rub"
"37428","Othera","Capsule (Delayed Release)","40 mg","https://medex.com.bd/brands/37428/othera-40-mg-dr-capsule"
"32993","Othera","IV Injection","40 mg/vial","https://medex.com.bd/brands/32993/othera-40-mg-injection"
"35587","Otoxin","Ear Drop","0.3%+1%+0.025%+2%","https://medex.com.bd/brands/35587/otoxin-03-1-ear-drop"
"36451","Otes","Capsule","150 mg","https://medex.com.bd/brands/36451/otes-150-mg-capsule"
"36654","Otrivin Oxy","Nasal Drop","0.05%","https://medex.com.bd/brands/36654/otrivin-oxy-005-nasal-drop"
"36810","Otic-4","Ear Drop","0.3%+1%+0.025%+2%","https://medex.com.bd/brands/36810/otic-4-03-1-ear-drop"
"36923","Otecon","Capsule","150 mg","https://medex.com.bd/brands/36923/otecon-150-mg-capsule"
"39159","Otenox","Capsule","150 mg","https://medex.com.bd/brands/39159/otenox-150-mg-capsule"
"38855","Otomix","Topical Spray","0.1% + 0.5% + 2%","https://medex.com.bd/brands/38855/otomix-01-topical-spray"
"38468","Otegal","Capsule","150 mg","https://medex.com.bd/brands/38468/otegal-150-mg-capsule"
"36870","Ovocal-MOM","Tablet","","https://medex.com.bd/brands/36870/ovocal-mom-tablet"
"27101","Ovacon Gold","Tablet","0.0375 mg+0.75 mg","https://medex.com.bd/brands/27101/ovacon-gold-00375-mg-tablet"
"28004","Ovocal-D","Tablet","500 mg+200 IU","https://medex.com.bd/brands/28004/ovocal-d-500-mg-tablet"
"28005","Ovocal-DX","Tablet","600 mg+400 IU","https://medex.com.bd/brands/28005/ovocal-dx-600-mg-tablet"
"29520","Ovit-A","Capsule","200000 IU","https://medex.com.bd/brands/29520/ovit-a-200000-iu-capsule"
"32816","Ovaxa","Capsule","100 mg","https://medex.com.bd/brands/32816/ovaxa-100-mg-capsule"
"35502","Ovocal Plus","Tablet","","https://medex.com.bd/brands/35502/ovocal-plus-tablet"
"36427","Ovario","Tablet","150 mg+550 mg","https://medex.com.bd/brands/36427/ovario-150-mg-tablet"
"36462","Ovojen-D","Tablet","500 mg+200 IU","https://medex.com.bd/brands/36462/ovojen-d-500-mg-tablet"
"36463","Ovojen-DX","Tablet","600 mg+400 IU","https://medex.com.bd/brands/36463/ovojen-dx-600-mg-tablet"
"39452","Ovugen","IM/SC Injection","5000 IU/vial","https://medex.com.bd/brands/39452/ovugen-5000-iu-imsc-injection"
"39139","Ovoshel-D","Tablet","500 mg+200 IU","https://medex.com.bd/brands/39139/ovoshel-d-500-mg-tablet"
"28682","Oxiquin","Tablet","400 mg","https://medex.com.bd/brands/28682/oxiquin-400-mg-tablet"
"26542","Oxigel Wash","Topical Gel","5%","https://medex.com.bd/brands/26542/oxigel-wash-5-topical-gel"
"27392","Oxpro","Tablet","250 mg","https://medex.com.bd/brands/27392/oxpro-250-mg-tablet"
"27393","Oxpro","Tablet","500 mg","https://medex.com.bd/brands/27393/oxpro-500-mg-tablet"
"27552","Oxima","Dry Powder Inhalation Capsule (DPI)","75 mcg","https://medex.com.bd/brands/27552/oxima-75-mcg-inhalation-capsule"
"28681","Oxiquin","Tablet","200 mg","https://medex.com.bd/brands/28681/oxiquin-200-mg-tablet"
"29806","Oxator","IV Infusion","5 mg/ml","https://medex.com.bd/brands/29806/oxator-5-mg-iv-infusion"
"30151","Oxagon","IV Injection","100 mcg/ml","https://medex.com.bd/brands/30151/oxagon-100-mcg-injection"
"26528","Oxecone-S","Oral Suspension","(400 mg+400 mg+30 mg)/5 ml","https://medex.com.bd/brands/26528/oxecone-s-400-mg-oral-suspension"
"29420","Oxaban","Tablet","10 mg","https://medex.com.bd/brands/29420/oxaban-10-mg-tablet"
"29303","Oxyton DS","IM/IV Injection","10 IU/ml","https://medex.com.bd/brands/29303/oxyton-ds-10-iu-imiv-injection"
"1922","Ozole","Capsule (Enteric Coated)","20 mg","https://medex.com.bd/brands/1922/ozole-20-mg-ec-capsule"
"25298","Ozink-B","Syrup","","https://medex.com.bd/brands/25298/ozink-b-syrup"
"27093","Ozink","Syrup","10 mg/5 ml","https://medex.com.bd/brands/27093/ozink-10-mg-syrup"
"33093","Ozil","Tablet","5 mg","https://medex.com.bd/brands/33093/ozil-5-mg-tablet"
"33094","Ozil","Tablet","10 mg","https://medex.com.bd/brands/33094/ozil-10-mg-tablet"
"34292","Ozempic","SC Injection","1.34 mg/ml","https://medex.com.bd/brands/34292/ozempic-134-mg-sc-injection"
"26735","Pamix Extra","Tablet","500 mg+65 mg","https://medex.com.bd/brands/26735/pamix-extra-500-mg-tablet"
"26394","Paloxi","Tablet","0.5 mg","https://medex.com.bd/brands/26394/paloxi-05-mg-tablet"
"26478","Palotic","IV Injection","0.075 mg/1.5 ml","https://medex.com.bd/brands/26478/palotic-0075-mg-injection"
"26479","Palotic","Tablet","0.5 mg","https://medex.com.bd/brands/26479/palotic-05-mg-tablet"
"26577","Parafresh","Ophthalmic Ointment","57.3%+42.5%+0.2%","https://medex.com.bd/brands/26577/parafresh-573-425-eye-ointment"
"26698","Panzer","Tablet (Enteric Coated)","40 mg","https://medex.com.bd/brands/26698/panzer-40-mg-ec-tablet"
"27394","Pantopan","Tablet (Enteric Coated)","20 mg","https://medex.com.bd/brands/27394/pantopan-20-mg-ec-tablet"
"27532","Patanix","Tablet (Enteric Coated)","20 mg","https://medex.com.bd/brands/27532/patanix-20-mg-ec-tablet"
"27424","Parcef","IV Injection","2 gm/vial","https://medex.com.bd/brands/27424/parcef-2-gm-injection"
"26017","Palbocent","Capsule","125 mg","https://medex.com.bd/brands/26017/palbocent-125-mg-capsule"
"27281","Paloxi ODT","Dispersible Tablet","0.5 mg","https://medex.com.bd/brands/27281/paloxi-odt-05-mg-dispersible-tablet"
"26786","Palosis","IV Injection","0.075 mg/1.5 ml","https://medex.com.bd/brands/26786/palosis-0075-mg-injection"
"2216","PC-20","Tablet (Enteric Coated)","20 mg","https://medex.com.bd/brands/2216/pc-20-20-mg-ec-tablet"
"34816","Pcab","Tablet","10 mg","https://medex.com.bd/brands/34816/pcab-10-mg-tablet"
"34817","Pcab","Tablet","20 mg","https://medex.com.bd/brands/34817/pcab-20-mg-tablet"
"27739","PDS","Dialysis Solution","1000 ml","https://medex.com.bd/brands/27739/pds-1000-ml-dialysis-solution"
"37686","PD3","Oral Solution","400 IU/ml","https://medex.com.bd/brands/37686/pd3-400-iu-oral-solution"
"27672","Pepnor","Syrup","","https://medex.com.bd/brands/27672/pepnor-syrup"
"28380","Pemeta","IV Infusion","100 mg/4 ml","https://medex.com.bd/brands/28380/pemeta-100-mg-iv-infusion"
"28344","Peflacine","Tablet","400 mg","https://medex.com.bd/brands/28344/peflacine-400-mg-tablet"
"28177","Peacepil","Tablet","3 mg","https://medex.com.bd/brands/28177/peacepil-3-mg-tablet"
"28148","Peoflox","Tablet","500 mg","https://medex.com.bd/brands/28148/peoflox-500-mg-tablet"
"28138","PediaSure (Chocolate Flavour)","Oral Powder","","https://medex.com.bd/brands/28138/pediasure-chocolate-flavour-oral-powder"
"28137","PediaSure (Vanilla Delight)","Oral Powder","","https://medex.com.bd/brands/28137/pediasure-vanilla-delight-oral-powder"
"28121","Peptacid","Oral Suspension","(400 mg+400 mg+30 mg)/5 ml","https://medex.com.bd/brands/28121/peptacid-400-mg-oral-suspension"
"28051","Perol","IM Injection","5 mg/ml","https://medex.com.bd/brands/28051/perol-5-mg-im-injection"
"27193","Perigut","Tablet","10 mg","https://medex.com.bd/brands/27193/perigut-10-mg-tablet"
"27195","Pepzol","Capsule (Enteric Coated)","40 mg","https://medex.com.bd/brands/27195/pepzol-40-mg-ec-capsule"
"27194","Pepzol","Capsule (Enteric Coated)","20 mg","https://medex.com.bd/brands/27194/pepzol-20-mg-ec-capsule"
"5018","PG","Capsule","50 mg","https://medex.com.bd/brands/5018/pg-50-mg-capsule"
"5019","PG","Capsule","75 mg","https://medex.com.bd/brands/5019/pg-75-mg-capsule"
"23819","PG","Capsule","25 mg","https://medex.com.bd/brands/23819/pg-25-mg-capsule"
"34653","PG CR","Tablet (Controlled Release)","82.5 mg","https://medex.com.bd/brands/34653/pg-cr-825-mg-cr-tablet"
"34654","PG CR","Tablet (Controlled Release)","165 mg","https://medex.com.bd/brands/34654/pg-cr-165-mg-cr-tablet"
"5585","PGT","Tablet","15 mg","https://medex.com.bd/brands/5585/pgt-15-mg-tablet"
"23928","Phenergan","Tablet","10 mg","https://medex.com.bd/brands/23928/phenergan-10-mg-tablet"
"30965","Phacomin","Ophthalmic Solution","(2 mg+0.5 mg+0.6 mg+10 mg)/ml","https://medex.com.bd/brands/30965/phacomin-2-mg-eye-drop"
"29017","Phoscon","Tablet","210 mg","https://medex.com.bd/brands/29017/phoscon-210-mg-tablet"
"28979","Pharmik Hand Rub","Hand Rub","0.5%+70%","https://medex.com.bd/brands/28979/pharmik-hand-rub-05-70-hand-rub"
"27477","Phydox","Tablet","400 mg","https://medex.com.bd/brands/27477/phydox-400-mg-tablet"
"27476","Phydox","Tablet","200 mg","https://medex.com.bd/brands/27476/phydox-200-mg-tablet"
"27425","Phenerex","Injection","25 mg/ml","https://medex.com.bd/brands/27425/phenerex-25-mg-injection"
"32604","Picolax","Oral Solution","5 mg/5 ml","https://medex.com.bd/brands/32604/picolax-5-mg-oral-solution"
"30857","Pidogrel","Tablet","75 mg","https://medex.com.bd/brands/30857/pidogrel-75-mg-tablet"
"30859","Pidogrel Plus","Tablet","75 mg+75 mg","https://medex.com.bd/brands/30859/pidogrel-plus-75-mg-tablet"
"31089","Pico Plus","Tablet","10 mg","https://medex.com.bd/brands/31089/pico-plus-10-mg-tablet"
"31209","Picaso","Tablet","10 mg","https://medex.com.bd/brands/31209/picaso-10-mg-tablet"
"31210","Picaso","Oral Solution","5 mg/5 ml","https://medex.com.bd/brands/31210/picaso-5-mg-oral-solution"
"31211","Picolax","Tablet","10 mg","https://medex.com.bd/brands/31211/picolax-10-mg-tablet"
"32526","Pink Pill","Tablet","100 mg","https://medex.com.bd/brands/32526/pink-pill-100-mg-tablet"
"32549","Pimacef","IM/IV Injection","1 gm/vial","https://medex.com.bd/brands/32549/pimacef-1-gm-imiv-injection"
"33458","Pirfedone","Tablet","801 mg","https://medex.com.bd/brands/33458/pirfedone-801-mg-tablet"
"33457","Pirfedone","Tablet","534 mg","https://medex.com.bd/brands/33457/pirfedone-534-mg-tablet"
"33456","Pirfedone","Tablet","267 mg","https://medex.com.bd/brands/33456/pirfedone-267-mg-tablet"
"15102","Platosin","IV Infusion","1 mg/ml","https://medex.com.bd/brands/15102/platosin-1-mg-iv-infusion"
"39415","Plategen","Syrup","275 mg/5 ml","https://medex.com.bd/brands/39415/plategen-275-mg-syrup"
"38835","PLD","IV Infusion","50 mg/25 ml","https://medex.com.bd/brands/38835/pld-50-mg-iv-infusion"
"38834","PLD","IV Infusion","20 mg/10 ml","https://medex.com.bd/brands/38834/pld-20-mg-iv-infusion"
"37147","Plasmafil","IV Infusion","6%+0.9%","https://medex.com.bd/brands/37147/plasmafil-6-09-iv-infusion"
"32267","Plan A","Vaginal Gel","1.8%+1%+0.4%","https://medex.com.bd/brands/32267/plan-a-18-1-vaginal-gel"
"30100","Plarit","Tablet","90 mg","https://medex.com.bd/brands/30100/plarit-90-mg-tablet"
"19532","Plator","Tablet","75 mg","https://medex.com.bd/brands/19532/plator-75-mg-tablet"
"19519","Plavas Plus","Tablet","75 mg+75 mg","https://medex.com.bd/brands/19519/plavas-plus-75-mg-tablet"
"19515","Plator Plus","Tablet","75 mg+75 mg","https://medex.com.bd/brands/19515/plator-plus-75-mg-tablet"
"18219","Planex Plus","Ointment","0.05%+0.005%","https://medex.com.bd/brands/18219/planex-plus-005-0005-ointment"
"16405","Plezer","Tablet","30 mg","https://medex.com.bd/brands/16405/plezer-30-mg-tablet"
"10484","PM","Oral Suspension","120 mg/5 ml","https://medex.com.bd/brands/10484/pm-120-mg-oral-suspension"
"10643","PM Plus","Tablet","500 mg+65 mg","https://medex.com.bd/brands/10643/pm-plus-500-mg-tablet"
"31471","Pmec","Cream","1%","https://medex.com.bd/brands/31471/pmec-1-cream"
"33497","PMB","Injection","5 lac unit","https://medex.com.bd/brands/33497/pmb-5-lac-injection"
"28958","Pneumovax 23","IM/SC Injection","25 mcg/0.5 ml","https://medex.com.bd/brands/28958/pneumovax-23-25-mcg-imsc-injection"
"33079","Pneumoclar","Powder for Suspension","125 mg/5 ml","https://medex.com.bd/brands/33079/pneumoclar-125-mg-powder-for-suspension"
"37227","Pneumoclar","Tablet","500 mg","https://medex.com.bd/brands/37227/pneumoclar-500-mg-tablet"
"34579","Powercox","Tablet","90 mg","https://medex.com.bd/brands/34579/powercox-90-mg-tablet"
"29886","Povidye","Ophthalmic Solution","5% v/v","https://medex.com.bd/brands/29886/povidye-5-v-eye-drop"
"30181","Polymax-B","Injection","5 lac unit","https://medex.com.bd/brands/30181/polymax-b-5-lac-injection"
"30979","Povikil","Solution","10% w/v","https://medex.com.bd/brands/30979/povikil-10-w-solution"
"31500","Polylac","Oral Solution","3.35 gm/5 ml","https://medex.com.bd/brands/31500/polylac-335-gm-oral-solution"
"31814","Povin","Topical Spray","2.5% v/v","https://medex.com.bd/brands/31814/povin-25-v-topical-spray"
"31844","Posanox","Tablet (Delayed Release)","100 mg","https://medex.com.bd/brands/31844/posanox-100-mg-dr-tablet"
"34023","Posac","Tablet (Delayed Release)","100 mg","https://medex.com.bd/brands/34023/posac-100-mg-dr-tablet"
"35858","Ponatigen","Tablet","15 mg","https://medex.com.bd/brands/35858/ponatigen-15-mg-tablet"
"35548","Posac","IV Infusion","18 mg/ml","https://medex.com.bd/brands/35548/posac-18-mg-iv-infusion"
"1924","PPI","Capsule (Enteric Coated)","20 mg","https://medex.com.bd/brands/1924/ppi-20-mg-ec-capsule"
"1925","PPI","Capsule (Enteric Coated)","40 mg","https://medex.com.bd/brands/1925/ppi-40-mg-ec-capsule"
"1926","PPI","IV Injection","40 mg/vial","https://medex.com.bd/brands/1926/ppi-40-mg-injection"
"30392","Prebichol","Tablet","5 mg","https://medex.com.bd/brands/30392/prebichol-5-mg-tablet"
"29973","Protecto","Tablet","1000 mg","https://medex.com.bd/brands/29973/protecto-1000-mg-tablet"
"30009","Pradaxa","Capsule","110 mg","https://medex.com.bd/brands/30009/pradaxa-110-mg-capsule"
"30010","Pradaxa","Capsule","150 mg","https://medex.com.bd/brands/30010/pradaxa-150-mg-capsule"
"30101","Provair ODT","Dispersible Tablet","4 mg","https://medex.com.bd/brands/30101/provair-odt-4-mg-dispersible-tablet"
"30102","Provair ODT","Dispersible Tablet","5 mg","https://medex.com.bd/brands/30102/provair-odt-5-mg-dispersible-tablet"
"30337","PruLax","Tablet","2 mg","https://medex.com.bd/brands/30337/prulax-2-mg-tablet"
"30391","Prebichol","Tablet","10 mg","https://medex.com.bd/brands/30391/prebichol-10-mg-tablet"
"30459","Presart AM","Tablet","5 mg+40 mg","https://medex.com.bd/brands/30459/presart-am-5-mg-tablet"
"30457","Presart HZ","Tablet","40 mg+12.5 mg","https://medex.com.bd/brands/30457/presart-hz-40-mg-tablet"
"581","Psudonil","IM/IV Injection","250 mg/2 ml","https://medex.com.bd/brands/581/psudonil-250-mg-imiv-injection"
"582","Psudonil","IM/IV Injection","500 mg/2 ml","https://medex.com.bd/brands/582/psudonil-500-mg-imiv-injection"
"583","Psudonil","IM/IV Injection","100 mg/2 ml","https://medex.com.bd/brands/583/psudonil-100-mg-imiv-injection"
"30289","PTU","Tablet","50 mg","https://medex.com.bd/brands/30289/ptu-50-mg-tablet"
"37875","PTX","Syrup","40 mg/5 ml","https://medex.com.bd/brands/37875/ptx-40-mg-syrup"
"30305","Purnava Hand Sanitizer","Hand Rub","75%+0.125%+1.45%","https://medex.com.bd/brands/30305/purnava-hand-sanitizer-75-0125-hand-rub"
"33453","Pulmofib","Tablet","267 mg","https://medex.com.bd/brands/33453/pulmofib-267-mg-tablet"
"32960","Pulmidone","Tablet","801 mg","https://medex.com.bd/brands/32960/pulmidone-801-mg-tablet"
"32959","Pulmidone","Tablet","267 mg","https://medex.com.bd/brands/32959/pulmidone-267-mg-tablet"
"32958","Pulbo","Capsule","267 mg","https://medex.com.bd/brands/32958/pulbo-267-mg-capsule"
"32957","Pulbo","Tablet","801 mg","https://medex.com.bd/brands/32957/pulbo-801-mg-tablet"
"32956","Pulbo","Tablet","534 mg","https://medex.com.bd/brands/32956/pulbo-534-mg-tablet"
"31041","Pulmicort-F","Metered-Dose Inhaler (MDI)","(160 mcg+4.5 mcg)/puff","https://medex.com.bd/brands/31041/pulmicort-f-160-mcg-metered-dose-inhaler"
"26644","Pulmino","Tablet","400 mg","https://medex.com.bd/brands/26644/pulmino-400-mg-tablet"
"28381","Purinol","Tablet","100 mg","https://medex.com.bd/brands/28381/purinol-100-mg-tablet"
"28287","Pulmino","Tablet","200 mg","https://medex.com.bd/brands/28287/pulmino-200-mg-tablet"
"12036","Pvast","Tablet","10 mg","https://medex.com.bd/brands/12036/pvast-10-mg-tablet"
"12037","Pvast","Syrup","5 mg/5 ml","https://medex.com.bd/brands/12037/pvast-5-mg-syrup"
"15140","PXJ","IV Infusion","6 mg/ml","https://medex.com.bd/brands/15140/pxj-6-mg-iv-infusion"
"30375","Pyrexil Extend","Tablet (Extended Release)","665 mg","https://medex.com.bd/brands/30375/pyrexil-extend-665-mg-xr-tablet"
"23516","Pyrin","Tablet","500 mg","https://medex.com.bd/brands/23516/pyrin-500-mg-tablet"
"23574","Pyrexil Plus","Tablet","500 mg+65 mg","https://medex.com.bd/brands/23574/pyrexil-plus-500-mg-tablet"
"23848","Pyrica","Capsule","50 mg","https://medex.com.bd/brands/23848/pyrica-50-mg-capsule"
"26237","Pyridox","Tablet (Extended Release)","20 mg+20 mg","https://medex.com.bd/brands/26237/pyridox-20-mg-xr-tablet"
"26280","Pylotrip R","Tablet","20 mg+1000 mg+500 mg","https://medex.com.bd/brands/26280/pylotrip-r-20-mg-tablet"
"27688","Pycnogenol","Capsule","50 mg","https://medex.com.bd/brands/27688/pycnogenol-50-mg-capsule"
"37878","Pyrexil","Tablet","500 mg","https://medex.com.bd/brands/37878/pyrexil-500-mg-tablet"
"35352","Pyralgin","Oral Suspension","120 mg/5 ml","https://medex.com.bd/brands/35352/pyralgin-120-mg-oral-suspension"
"35351","Pyra Plus","Tablet","500 mg+65 mg","https://medex.com.bd/brands/35351/pyra-plus-500-mg-tablet"
"39629","Pyodent","Oral Powder","","https://medex.com.bd/brands/39629/pyodent-oral-powder"
"2248","PZ-20","Tablet (Enteric Coated)","20 mg","https://medex.com.bd/brands/2248/pz-20-20-mg-ec-tablet"
"23337","PZ-40","Tablet (Enteric Coated)","40 mg","https://medex.com.bd/brands/23337/pz-40-40-mg-ec-tablet"
"29697","Qarhin","Oral Powder","","https://medex.com.bd/brands/29697/qarhin-oral-powder"
"37426","Qben DS","Tablet","400 mg","https://medex.com.bd/brands/37426/qben-ds-400-mg-tablet"
"8850","Qcin","Capsule","150 mg","https://medex.com.bd/brands/8850/qcin-150-mg-capsule"
"8851","Qcin","Capsule","300 mg","https://medex.com.bd/brands/8851/qcin-300-mg-capsule"
"27743","Qcet","Tablet","500 mg","https://medex.com.bd/brands/27743/qcet-500-mg-tablet"
"29192","Qcet","Syrup","120 mg/5 ml","https://medex.com.bd/brands/29192/qcet-120-mg-syrup"
"29193","Qcet","Oral Suspension","120 mg/5 ml","https://medex.com.bd/brands/29193/qcet-120-mg-oral-suspension"
"29194","Qcet","Pediatric Drops","80 mg/ml","https://medex.com.bd/brands/29194/qcet-80-mg-pediatric-drop"
"29195","Qcet XR","Tablet (Extended Release)","665 mg","https://medex.com.bd/brands/29195/qcet-xr-665-mg-xr-tablet"
"29196","Qcet Cafe","Tablet","500 mg+65 mg","https://medex.com.bd/brands/29196/qcet-cafe-500-mg-tablet"
"36309","Qfol","Capsule","400 mcg","https://medex.com.bd/brands/36309/qfol-400-mcg-capsule"
"37384","Qfol","Capsule","1000 mcg","https://medex.com.bd/brands/37384/qfol-1000-mcg-capsule"
"4410","Qmax","Tablet","25 mg","https://medex.com.bd/brands/4410/qmax-25-mg-tablet"
"4411","Qmax","Tablet","100 mg","https://medex.com.bd/brands/4411/qmax-100-mg-tablet"
"37883","Qmax XR","Tablet (Extended Release)","200 mg","https://medex.com.bd/brands/37883/qmax-xr-200-mg-xr-tablet"
"37884","Qmax XR","Tablet (Extended Release)","300 mg","https://medex.com.bd/brands/37884/qmax-xr-300-mg-xr-tablet"
"37885","Qmax XR","Tablet (Extended Release)","50 mg","https://medex.com.bd/brands/37885/qmax-xr-50-mg-xr-tablet"
"29467","QNOL","Tablet","500 mg","https://medex.com.bd/brands/29467/qnol-500-mg-tablet"
"4403","Qpine","Tablet","25 mg","https://medex.com.bd/brands/4403/qpine-25-mg-tablet"
"4404","Qpine","Tablet","100 mg","https://medex.com.bd/brands/4404/qpine-100-mg-tablet"
"26841","Qpine","Tablet","200 mg","https://medex.com.bd/brands/26841/qpine-200-mg-tablet"
"39163","Qpine XR","Tablet (Extended Release)","50 mg","https://medex.com.bd/brands/39163/qpine-xr-50-mg-xr-tablet"
"39164","Qpine XR","Tablet (Extended Release)","200 mg","https://medex.com.bd/brands/39164/qpine-xr-200-mg-xr-tablet"
"39165","Qpine XR","Tablet (Extended Release)","300 mg","https://medex.com.bd/brands/39165/qpine-xr-300-mg-xr-tablet"
"26842","Qrip","Tablet","100 mg","https://medex.com.bd/brands/26842/qrip-100-mg-tablet"
"33699","Qraise","Capsule","200 mg","https://medex.com.bd/brands/33699/qraise-200-mg-capsule"
"34164","QTP","Tablet","100 mg","https://medex.com.bd/brands/34164/qtp-100-mg-tablet"
"37070","QTP XR","Tablet (Extended Release)","200 mg","https://medex.com.bd/brands/37070/qtp-xr-200-mg-xr-tablet"
"38578","Qtia","Tablet","25 mg","https://medex.com.bd/brands/38578/qtia-25-mg-tablet"
"38579","Qtia","Tablet","100 mg","https://medex.com.bd/brands/38579/qtia-100-mg-tablet"
"38633","QTP XR","Tablet (Extended Release)","50 mg","https://medex.com.bd/brands/38633/qtp-xr-50-mg-xr-tablet"
"33621","Qutanex","Tablet","100 mg","https://medex.com.bd/brands/33621/qutanex-100-mg-tablet"
"33926","Quetolex","Tablet","100 mg","https://medex.com.bd/brands/33926/quetolex-100-mg-tablet"
"33925","Quetolex","Tablet","25 mg","https://medex.com.bd/brands/33925/quetolex-25-mg-tablet"
"32091","Queta XR","Tablet (Extended Release)","200 mg","https://medex.com.bd/brands/32091/queta-xr-200-mg-xr-tablet"
"32393","Quiet XR","Tablet (Extended Release)","300 mg","https://medex.com.bd/brands/32393/quiet-xr-300-mg-xr-tablet"
"32729","Quinoflox","Tablet","200 mg","https://medex.com.bd/brands/32729/quinoflox-200-mg-tablet"
"32090","Queta XR","Tablet (Extended Release)","50 mg","https://medex.com.bd/brands/32090/queta-xr-50-mg-xr-tablet"
"29224","Rasagil","Tablet","1 mg","https://medex.com.bd/brands/29224/rasagil-1-mg-tablet"
"30007","Radivit-C","Effervescent Tablet","1000 mg","https://medex.com.bd/brands/30007/radivit-c-1000-mg-eff-tablet"
"29991","Radivit-D","Capsule","20000 IU","https://medex.com.bd/brands/29991/radivit-d-20000-iu-capsule"
"29990","Radivit-D","Tablet","2000 IU","https://medex.com.bd/brands/29990/radivit-d-2000-iu-tablet"
"29552","Radizid XR","Tablet (Extended Release)","30 mg","https://medex.com.bd/brands/29552/radizid-xr-30-mg-xr-tablet"
"29551","Radizid","Tablet","80 mg","https://medex.com.bd/brands/29551/radizid-80-mg-tablet"
"29260","Raceper","Capsule (Enteric Coated)","40 mg","https://medex.com.bd/brands/29260/raceper-40-mg-ec-capsule"
"29259","Raceper","Capsule (Enteric Coated)","20 mg","https://medex.com.bd/brands/29259/raceper-20-mg-ec-capsule"
"28801","Rabenaaf","Capsule (Enteric Coated)","20 mg","https://medex.com.bd/brands/28801/rabenaaf-20-mg-ec-capsule"
"28943","Ramdivir","IV Infusion","5 mg/ml","https://medex.com.bd/brands/28943/ramdivir-5-mg-iv-infusion"
"29005","Ragil","Tablet","0.5 mg","https://medex.com.bd/brands/29005/ragil-05-mg-tablet"
"28588","Racard","Tablet","5 mg","https://medex.com.bd/brands/28588/racard-5-mg-tablet"
"36032","RBC Smart Check","Glucometer","","https://medex.com.bd/brands/36032/rbc-smart-check-glucometer"
"36033","RBC Smart Check","Test strip","","https://medex.com.bd/brands/36033/rbc-smart-check-test-strip"
"36038","RBC Super","Lancet Needle","31G","https://medex.com.bd/brands/36038/rbc-super-31g-needle"
"1952","Re 20","Capsule (Enteric Coated)","20 mg","https://medex.com.bd/brands/1952/re-20-20-mg-ec-capsule"
"1813","Re 40","Capsule (Enteric Coated)","40 mg","https://medex.com.bd/brands/1813/re-40-40-mg-ec-capsule"
"31960","Recofast CV","Tablet","500 mg+125 mg","https://medex.com.bd/brands/31960/recofast-cv-500-mg-tablet"
"31876","Replivir","Tablet","1 mg","https://medex.com.bd/brands/31876/replivir-1-mg-tablet"
"31890","Resitone","Tablet","20 mg+50 mg","https://medex.com.bd/brands/31890/resitone-20-mg-tablet"
"31891","Resitone","Tablet","40 mg+50 mg","https://medex.com.bd/brands/31891/resitone-40-mg-tablet"
"31913","Reumafen","Tablet","200 mg","https://medex.com.bd/brands/31913/reumafen-200-mg-tablet"
"31914","Reumafen","Tablet","400 mg","https://medex.com.bd/brands/31914/reumafen-400-mg-tablet"
"31916","Renova Max","Tablet","1000 mg","https://medex.com.bd/brands/31916/renova-max-1000-mg-tablet"
"31959","Recofast CV","Tablet","250 mg+62.5 mg","https://medex.com.bd/brands/31959/recofast-cv-250-mg-tablet"
"32205","Restonix","Tablet","2 mg","https://medex.com.bd/brands/32205/restonix-2-mg-tablet"
"32112","Regab","Capsule","150 mg","https://medex.com.bd/brands/32112/regab-150-mg-capsule"
"29106","rFSH","SC Injection","75 IU/vial","https://medex.com.bd/brands/29106/rfsh-75-iu-sc-injection"
"81","Rheuma","Tablet","100 mg","https://medex.com.bd/brands/81/rheuma-100-mg-tablet"
"11333","Rheumet","Capsule","25 mg","https://medex.com.bd/brands/11333/rheumet-25-mg-capsule"
"11986","Rhinil","Tablet","10 mg","https://medex.com.bd/brands/11986/rhinil-10-mg-tablet"
"11987","Rhinil","Syrup","5 mg/5 ml","https://medex.com.bd/brands/11987/rhinil-5-mg-syrup"
"12053","Rhitin","Tablet","10 mg","https://medex.com.bd/brands/12053/rhitin-10-mg-tablet"
"12279","Rhinor MR","Tablet (Modified Release)","10 mg","https://medex.com.bd/brands/12279/rhinor-mr-10-mg-mr-tablet"
"15265","Rhophylac","IM/IV Injection","300 mcg/2 ml","https://medex.com.bd/brands/15265/rhophylac-300-mcg-imiv-injection"
"16261","Rhinozol","Nasal Drop","0.05%","https://medex.com.bd/brands/16261/rhinozol-005-nasal-drop"
"16262","Rhinozol","Nasal Drop","0.1%","https://medex.com.bd/brands/16262/rhinozol-01-nasal-drop"
"18394","Rhinocort","Nasal Spray","100 mcg/spray","https://medex.com.bd/brands/18394/rhinocort-100-mcg-nasal-spray"
"19711","Rhinex","Tablet","5 mg","https://medex.com.bd/brands/19711/rhinex-5-mg-tablet"
"30749","Ridicef","Capsule","300 mg","https://medex.com.bd/brands/30749/ridicef-300-mg-capsule"
"31840","Rivadel","Tablet","2.5 mg","https://medex.com.bd/brands/31840/rivadel-25-mg-tablet"
"31207","Rivaren","Capsule","1.5 mg","https://medex.com.bd/brands/31207/rivaren-15-mg-capsule"
"29512","Rivas","Capsule","3 mg","https://medex.com.bd/brands/29512/rivas-3-mg-capsule"
"29060","Ridair","Syrup","1 mg/5 ml","https://medex.com.bd/brands/29060/ridair-1-mg-syrup"
"29071","Risperdex","Tablet","4 mg","https://medex.com.bd/brands/29071/risperdex-4-mg-tablet"
"29511","Rivas","Capsule","1.5 mg","https://medex.com.bd/brands/29511/rivas-15-mg-capsule"
"31841","Rivadel","Tablet","10 mg","https://medex.com.bd/brands/31841/rivadel-10-mg-tablet"
"24012","Rmax","Capsule (Enteric Coated)","20 mg","https://medex.com.bd/brands/24012/rmax-20-mg-ec-capsule"
"28213","RN-D","Tablet","500 mg+200 IU","https://medex.com.bd/brands/28213/rn-d-500-mg-tablet"
"30185","Ropinol","Tablet","2 mg","https://medex.com.bd/brands/30185/ropinol-2-mg-tablet"
"31735","Roxadex","IM/IV Injection","6 mg/ml","https://medex.com.bd/brands/31735/roxadex-6-mg-imiv-injection"
"31424","Rolac MDT","Dispersible Tablet","10 mg","https://medex.com.bd/brands/31424/rolac-mdt-10-mg-dispersible-tablet"
"30790","Rolip","Tablet","20 mg","https://medex.com.bd/brands/30790/rolip-20-mg-tablet"
"30730","Rovedilol","Tablet","12.5 mg","https://medex.com.bd/brands/30730/rovedilol-125-mg-tablet"
"30729","Rovedilol","Tablet","6.25 mg","https://medex.com.bd/brands/30729/rovedilol-625-mg-tablet"
"30663","Roxadex","Tablet","6 mg","https://medex.com.bd/brands/30663/roxadex-6-mg-tablet"
"30237","Rosufast","Tablet","10 mg","https://medex.com.bd/brands/30237/rosufast-10-mg-tablet"
"30236","Rosufast","Tablet","5 mg","https://medex.com.bd/brands/30236/rosufast-5-mg-tablet"
"29691","Rosnum","Tablet","125 mg+62.5 mg+62.5 mg","https://medex.com.bd/brands/29691/rosnum-125-mg-tablet"
"24017","RP-20","Tablet (Enteric Coated)","20 mg","https://medex.com.bd/brands/24017/rp-20-20-mg-ec-tablet"
"37828","Rsudil plus","Ophthalmic Solution","0.02% + 0.005%","https://medex.com.bd/brands/37828/rsudil-plus-002-eye-drop"
"9415","Rtnor","Tablet","320 mg","https://medex.com.bd/brands/9415/rtnor-320-mg-tablet"
"24336","RTV","Tablet","5 mg","https://medex.com.bd/brands/24336/rtv-5-mg-tablet"
"24337","RTV","Tablet","10 mg","https://medex.com.bd/brands/24337/rtv-10-mg-tablet"
"31928","RTV","Tablet","20 mg","https://medex.com.bd/brands/31928/rtv-20-mg-tablet"
"37211","RTV","Tablet","40 mg","https://medex.com.bd/brands/37211/rtv-40-mg-tablet"
"28728","Rupamine","Oral Solution","5 mg/5 ml","https://medex.com.bd/brands/28728/rupamine-5-mg-oral-solution"
"33110","Rutinib","Tablet","5 mg","https://medex.com.bd/brands/33110/rutinib-5-mg-tablet"
"33109","Rutinib","Tablet","10 mg","https://medex.com.bd/brands/33109/rutinib-10-mg-tablet"
"33107","Rupsol","Oral Paste","5%","https://medex.com.bd/brands/33107/rupsol-5-oral-paste"
"32282","Rulicent","Tablet","10 mg","https://medex.com.bd/brands/32282/rulicent-10-mg-tablet"
"32281","Rulicent","Tablet","5 mg","https://medex.com.bd/brands/32281/rulicent-5-mg-tablet"
"31599","Rupaver","Tablet","10 mg","https://medex.com.bd/brands/31599/rupaver-10-mg-tablet"
"29808","Rubitor","IV Infusion","2 mg/ml","https://medex.com.bd/brands/29808/rubitor-2-mg-iv-infusion"
"29163","Rupahist","Tablet","10 mg","https://medex.com.bd/brands/29163/rupahist-10-mg-tablet"
"28914","Rufecta","Oral Solution","5 mg/5 ml","https://medex.com.bd/brands/28914/rufecta-5-mg-oral-solution"
"24396","Rupatan","Tablet","10 mg","https://medex.com.bd/brands/24396/rupatan-10-mg-tablet"
"26430","Ruvastin","Tablet","20 mg","https://medex.com.bd/brands/26430/ruvastin-20-mg-tablet"
"36304","RVN","Tablet","5 mg","https://medex.com.bd/brands/36304/rvn-5-mg-tablet"
"36305","RVN","Tablet","10 mg","https://medex.com.bd/brands/36305/rvn-10-mg-tablet"
"36306","RVN","Tablet","20 mg","https://medex.com.bd/brands/36306/rvn-20-mg-tablet"
"2451","Rythmosin","Tablet","150 mg","https://medex.com.bd/brands/2451/rythmosin-150-mg-tablet"
"8801","Ryth","Tablet","150 mg","https://medex.com.bd/brands/8801/ryth-150-mg-tablet"
"8802","Ryth","Tablet","300 mg","https://medex.com.bd/brands/8802/ryth-300-mg-tablet"
"8803","Ryth","Powder for Suspension","50 mg/5 ml","https://medex.com.bd/brands/8803/ryth-50-mg-powder-for-suspension"
"11880","Rymin","Syrup","10 mg/5 ml","https://medex.com.bd/brands/11880/rymin-10-mg-syrup"
"16282","Rynex","Nasal Drop","0.05%","https://medex.com.bd/brands/16282/rynex-005-nasal-drop"
"16283","Rynex","Nasal Drop","0.025%","https://medex.com.bd/brands/16283/rynex-0025-nasal-drop"
"16284","Rynex","Nasal Spray","0.05%","https://medex.com.bd/brands/16284/rynex-005-nasal-spray"
"26705","Ryzodeg","SC Injection","100 IU/ml","https://medex.com.bd/brands/26705/ryzodeg-100-iu-sc-injection"
"29261","Rynofex","Tablet","120 mg","https://medex.com.bd/brands/29261/rynofex-120-mg-tablet"
"29262","Rynofex","Tablet","180 mg","https://medex.com.bd/brands/29262/rynofex-180-mg-tablet"
"38324","Rytary","Capsule (Extended Release)","23.75 mg+95 mg","https://medex.com.bd/brands/38324/rytary-2375-mg-xr-capsule"
"31002","Saugella HydraSerum","Topical Solution","","https://medex.com.bd/brands/31002/saugella-hydraserum-topical-solution"
"32442","Salomax","Dry Powder Inhalation Capsule (DPI)","200 mcg","https://medex.com.bd/brands/32442/salomax-200-mcg-inhalation-capsule"
"31990","Savatril","Tablet","24 mg+26 mg","https://medex.com.bd/brands/31990/savatril-24-mg-tablet"
"31557","Samprid","Tablet","80 mg","https://medex.com.bd/brands/31557/samprid-80-mg-tablet"
"31556","Salbusol","Tablet","2 mg","https://medex.com.bd/brands/31556/salbusol-2-mg-tablet"
"31555","Salbusol","Syrup","2 mg/5 ml","https://medex.com.bd/brands/31555/salbusol-2-mg-syrup"
"31545","Sasolin D","Capsule","0.4 mg+0.5 mg","https://medex.com.bd/brands/31545/sasolin-d-04-mg-capsule"
"30449","Saduri","Syrup","","https://medex.com.bd/brands/30449/saduri-syrup"
"30300","Sanflore","Topical Spray","20%+5%","https://medex.com.bd/brands/30300/sanflore-20-5-topical-spray"
"30301","Sanflore","Topical Gel","","https://medex.com.bd/brands/30301/sanflore-topical-gel"
"25260","SB-Metvilda","Tablet","50 mg+500 mg","https://medex.com.bd/brands/25260/sb-metvilda-50-mg-tablet"
"27361","SB-Acelo","Tablet","100 mg","https://medex.com.bd/brands/27361/sb-acelo-100-mg-tablet"
"26144","SB-Emec","Capsule (Enteric Coated)","20 mg","https://medex.com.bd/brands/26144/sb-emec-20-mg-ec-capsule"
"25740","SB-Bisop","Tablet","5 mg","https://medex.com.bd/brands/25740/sb-bisop-5-mg-tablet"
"25670","SB-Azit","Tablet","500 mg","https://medex.com.bd/brands/25670/sb-azit-500-mg-tablet"
"25572","SB-Ator","Tablet","20 mg","https://medex.com.bd/brands/25572/sb-ator-20-mg-tablet"
"25571","SB-Ator","Tablet","10 mg","https://medex.com.bd/brands/25571/sb-ator-10-mg-tablet"
"25335","SB-Neurec","Tablet","100 mg+200 mg+200 mcg","https://medex.com.bd/brands/25335/sb-neurec-100-mg-tablet"
"25261","SB-Metvilda","Tablet","50 mg+850 mg","https://medex.com.bd/brands/25261/sb-metvilda-50-mg-tablet"
"24525","SB-Sita","Tablet","100 mg","https://medex.com.bd/brands/24525/sb-sita-100-mg-tablet"
"24545","SB-Metsita","Tablet","50 mg+1000 mg","https://medex.com.bd/brands/24545/sb-metsita-50-mg-tablet"
"24546","SB-Metsita","Tablet","50 mg+500 mg","https://medex.com.bd/brands/24546/sb-metsita-50-mg-tablet"
"37783","Scian (LD-537)","BP Monitor Device","Digital blood pressure monitor","https://medex.com.bd/brands/37783/scian-ld-537-digital-blood-bp-monitor-device"
"30644","Scabex","Emulsion","25% w/v","https://medex.com.bd/brands/30644/scabex-25-w-emulsion"
"30645","Scanil","Emulsion","25% w/v","https://medex.com.bd/brands/30645/scanil-25-w-emulsion"
"35374","Scabo","Tablet","3 mg","https://medex.com.bd/brands/35374/scabo-3-mg-tablet"
"35768","Scabicon Plus","Lotion","5%+10%","https://medex.com.bd/brands/35768/scabicon-plus-5-10-lotion"
"37727","Scabin","Emulsion","25% w/v","https://medex.com.bd/brands/37727/scabin-25-w-emulsion"
"37774","Scian (LD-579)","BP Monitor Device","Digital blood pressure monitor","https://medex.com.bd/brands/37774/scian-ld-579-digital-blood-bp-monitor-device"
"37969","Scarish","Ointment","","https://medex.com.bd/brands/37969/scarish-ointment"
"39799","Scabinil","Topical Suspension","0.9% w/w","https://medex.com.bd/brands/39799/scabinil-09-w-topical-suspension"
"38583","ScarFix","Topical Gel","0.5%","https://medex.com.bd/brands/38583/scarfix-05-topical-gel"
"38581","Scabisad","Topical Suspension","0.9% w/w","https://medex.com.bd/brands/38581/scabisad-09-w-topical-suspension"
"30482","Scarlet","Capsule","430 mg","https://medex.com.bd/brands/30482/scarlet-430-mg-capsule"
"28117","Seacoral D","Tablet","500 mg+200 IU","https://medex.com.bd/brands/28117/seacoral-d-500-mg-tablet"
"29027","Secrin M","Tablet (Extended Release)","2 mg+500 mg","https://medex.com.bd/brands/29027/secrin-m-2-mg-xr-tablet"
"28592","Segorin","Powder for Suspension","125 mg/5 ml","https://medex.com.bd/brands/28592/segorin-125-mg-powder-for-suspension"
"28591","Segorin","Tablet","500 mg","https://medex.com.bd/brands/28591/segorin-500-mg-tablet"
"28590","Segorin","Tablet","250 mg","https://medex.com.bd/brands/28590/segorin-250-mg-tablet"
"28589","Segorin","Tablet","125 mg","https://medex.com.bd/brands/28589/segorin-125-mg-tablet"
"28393","Seclogen","Capsule (Enteric Coated)","20 mg","https://medex.com.bd/brands/28393/seclogen-20-mg-ec-capsule"
"28385","Sefanid","Powder for Suspension","125 mg/5 ml","https://medex.com.bd/brands/28385/sefanid-125-mg-powder-for-suspension"
"28384","Sefanid","Capsule","500 mg","https://medex.com.bd/brands/28384/sefanid-500-mg-capsule"
"28187","Seberb","Tablet","250 mg","https://medex.com.bd/brands/28187/seberb-250-mg-tablet"
"28118","Seacoral DX","Tablet","600 mg+400 IU","https://medex.com.bd/brands/28118/seacoral-dx-600-mg-tablet"
"26857","Sergel","Tablet (Enteric Coated)","40 mg","https://medex.com.bd/brands/26857/sergel-40-mg-ec-tablet"
"5506","SGN","Tablet","50 mg","https://medex.com.bd/brands/5506/sgn-50-mg-tablet"
"5507","SGN","Tablet","100 mg","https://medex.com.bd/brands/5507/sgn-100-mg-tablet"
"24519","SGN","Tablet","25 mg","https://medex.com.bd/brands/24519/sgn-25-mg-tablet"
"28596","SGN Plus","Tablet","50 mg+500 mg","https://medex.com.bd/brands/28596/sgn-plus-50-mg-tablet"
"36906","Shefaton","Syrup","","https://medex.com.bd/brands/36906/shefaton-syrup"
"36907","Shilaj","Capsule","","https://medex.com.bd/brands/36907/shilaj-capsule"
"37337","Shelcal-D","Tablet","500 mg+200 IU","https://medex.com.bd/brands/37337/shelcal-d-500-mg-tablet"
"39431","Shell-Dx","Tablet","75 mcg+500 mg+1000 IU","https://medex.com.bd/brands/39431/shell-dx-75-mcg-tablet"
"31563","Silcal-D","Tablet","500 mg+200 IU","https://medex.com.bd/brands/31563/silcal-d-500-mg-tablet"
"31572","Silmet","Oral Suspension","200 mg/5 ml","https://medex.com.bd/brands/31572/silmet-200-mg-oral-suspension"
"31571","Silgin","Tablet","50 mg","https://medex.com.bd/brands/31571/silgin-50-mg-tablet"
"31570","Silflox","Tablet","500 mg","https://medex.com.bd/brands/31570/silflox-500-mg-tablet"
"31569","Silfenac","Tablet","100 mg","https://medex.com.bd/brands/31569/silfenac-100-mg-tablet"
"31568","Silcona","Capsule","150 mg","https://medex.com.bd/brands/31568/silcona-150-mg-capsule"
"31567","Silcona","Capsule","50 mg","https://medex.com.bd/brands/31567/silcona-50-mg-capsule"
"31566","Silclog","Tablet","75 mg","https://medex.com.bd/brands/31566/silclog-75-mg-tablet"
"31565","Silcal-O","Tablet","740 mg","https://medex.com.bd/brands/31565/silcal-o-740-mg-tablet"
"31564","Silcal-O","Tablet","400 mg","https://medex.com.bd/brands/31564/silcal-o-400-mg-tablet"
"30603","Siznil","Tablet","10 mg","https://medex.com.bd/brands/30603/siznil-10-mg-tablet"
"31055","Sinjard-M","Tablet","5 mg+500 mg","https://medex.com.bd/brands/31055/sinjard-m-5-mg-tablet"
"28599","Skimico","Cream","2% w/w","https://medex.com.bd/brands/28599/skimico-2-w-cream"
"11756","Skelofen","Tablet","5 mg","https://medex.com.bd/brands/11756/skelofen-5-mg-tablet"
"11757","Skelofen","Tablet","10 mg","https://medex.com.bd/brands/11757/skelofen-10-mg-tablet"
"12511","Skilin","Cream","5% w/w","https://medex.com.bd/brands/12511/skilin-5-w-cream"
"12628","Skinalar","Cream","0.025%","https://medex.com.bd/brands/12628/skinalar-0025-cream"
"12629","Skinalar","Ointment","0.025%","https://medex.com.bd/brands/12629/skinalar-0025-ointment"
"12631","Skinalar-N","Cream","0.025%+0.5%","https://medex.com.bd/brands/12631/skinalar-n-0025-05-cream"
"12632","Skinalar-N","Ointment","0.025%+0.5%","https://medex.com.bd/brands/12632/skinalar-n-0025-05-ointment"
"24847","Skinabin","Tablet","250 mg","https://medex.com.bd/brands/24847/skinabin-250-mg-tablet"
"37493","SKINS Flavoured Assorted","Condom","","https://medex.com.bd/brands/37493/skins-flavoured-assorted-condom"
"37491","SKINS Bubblegum","Condom","","https://medex.com.bd/brands/37491/skins-bubblegum-condom"
"37492","SKINS Assorted","Condom","","https://medex.com.bd/brands/37492/skins-assorted-condom"
"5688","Sliptin-M","Tablet","50 mg+500 mg","https://medex.com.bd/brands/5688/sliptin-m-50-mg-tablet"
"39716","Slirin","Capsule","140 mg","https://medex.com.bd/brands/39716/slirin-140-mg-capsule"
"34120","Slyrin","Gel","11.25%","https://medex.com.bd/brands/34120/slyrin-1125-gel"
"31579","Slona","Tablet","2 mg","https://medex.com.bd/brands/31579/slona-2-mg-tablet"
"31578","Slona","Tablet","0.5 mg","https://medex.com.bd/brands/31578/slona-05-mg-tablet"
"28468","Sleepwel","Tablet","2 mg","https://medex.com.bd/brands/28468/sleepwel-2-mg-tablet"
"28467","Sleepwel","Tablet","1 mg","https://medex.com.bd/brands/28467/sleepwel-1-mg-tablet"
"27940","Slimcare","Capsule","120 mg","https://medex.com.bd/brands/27940/slimcare-120-mg-capsule"
"5703","Sliptin-M ER","Tablet (Extended Release)","50 mg+1000 mg","https://medex.com.bd/brands/5703/sliptin-m-er-50-mg-xr-tablet"
"5702","Sliptin-M ER","Tablet (Extended Release)","50 mg+500 mg","https://medex.com.bd/brands/5702/sliptin-m-er-50-mg-xr-tablet"
"5689","Sliptin-M","Tablet","50 mg+1000 mg","https://medex.com.bd/brands/5689/sliptin-m-50-mg-tablet"
"4166","Slipam","Capsule","15 mg","https://medex.com.bd/brands/4166/slipam-15-mg-capsule"
"4152","Smile","Syrup","(30 mg+100 mg+1.25 mg)/5 ml","https://medex.com.bd/brands/4152/smile-30-mg-syrup"
"14821","SMC ORSaline","Oral Powder","10.25 gm","https://medex.com.bd/brands/14821/smc-orsaline-1025-gm-oral-powder"
"18067","SMR","Tablet","10 mg","https://medex.com.bd/brands/18067/smr-10-mg-tablet"
"27098","SMC Zinc","Tablet","20 mg","https://medex.com.bd/brands/27098/smc-zinc-20-mg-tablet"
"34106","SMC Fruity (Orange)","Oral Powder","10 gm/sachet","https://medex.com.bd/brands/34106/smc-fruity-orange-10-gm-oral-powder"
"37346","SmartPill Lite","Tablet","3 mg+0.02 mg","https://medex.com.bd/brands/37346/smartpill-lite-3-mg-tablet"
"37409","SMC Gold","Tablet","","https://medex.com.bd/brands/37409/smc-gold-tablet"
"37412","SMC Zinc","Syrup","10 mg/5 ml","https://medex.com.bd/brands/37412/smc-zinc-10-mg-syrup"
"37747","SmartCure (FHDV-BPSC)","BP Monitor Device","Digital blood pressure monitor","https://medex.com.bd/brands/37747/smartcure-fhdv-bpsc-digital-blood-bp-monitor-device"
"37760","SmartMAM (B3 Basic)","BP Monitor Device","Digital blood pressure monitor","https://medex.com.bd/brands/37760/smartmam-b3-basic-digital-blood-bp-monitor-device"
"37995","Smotin","Tablet","","https://medex.com.bd/brands/37995/smotin-tablet"
"27074","Snofas","Nasal Spray","27.5 mcg/spray","https://medex.com.bd/brands/27074/snofas-275-mcg-nasal-spray"
"37666","Sngra","Tablet","100 mg","https://medex.com.bd/brands/37666/sngra-100-mg-tablet"
"37667","Sngra","Tablet","50 mg","https://medex.com.bd/brands/37667/sngra-50-mg-tablet"
"28846","Sofoxen","Tablet","400 mg","https://medex.com.bd/brands/28846/sofoxen-400-mg-tablet"
"29624","Sodiclor","Tablet","300 mg","https://medex.com.bd/brands/29624/sodiclor-300-mg-tablet"
"28983","Solurin","Tablet","10 mg","https://medex.com.bd/brands/28983/solurin-10-mg-tablet"
"28982","Solurin","Tablet","5 mg","https://medex.com.bd/brands/28982/solurin-5-mg-tablet"
"28469","Somazin","Tablet","500 mg","https://medex.com.bd/brands/28469/somazin-500-mg-tablet"
"28053","Soma DS","Tablet","800 mg+160 mg","https://medex.com.bd/brands/28053/soma-ds-800-mg-tablet"
"28427","Solvit-B","Tablet","5 mg+2 mg+2 mg+20 mg","https://medex.com.bd/brands/28427/solvit-b-5-mg-tablet"
"29825","Sodiclor","Tablet","600 mg","https://medex.com.bd/brands/29825/sodiclor-600-mg-tablet"
"28470","Somazin","IM/IV Injection","500 mg/4 ml","https://medex.com.bd/brands/28470/somazin-500-mg-imiv-injection"
"28600","Socolate","Ophthalmic Solution","2%","https://medex.com.bd/brands/28600/socolate-2-eye-drop"
"29844","Sperid","Tablet","4 mg","https://medex.com.bd/brands/29844/sperid-4-mg-tablet"
"27941","Spinolex","Tablet","10 mg","https://medex.com.bd/brands/27941/spinolex-10-mg-tablet"
"28471","Spirocard","Tablet","50 mg","https://medex.com.bd/brands/28471/spirocard-50-mg-tablet"
"28686","Spirucap","Capsule","500 mg","https://medex.com.bd/brands/28686/spirucap-500-mg-capsule"
"29695","Spermatin","Tablet","12.5 mg","https://medex.com.bd/brands/29695/spermatin-125-mg-tablet"
"29843","Sperid","Tablet","2 mg","https://medex.com.bd/brands/29843/sperid-2-mg-tablet"
"30680","Spulyt","Syrup","4 mg/5 ml","https://medex.com.bd/brands/30680/spulyt-4-mg-syrup"
"32327","Spotless","Cream","4%","https://medex.com.bd/brands/32327/spotless-4-cream"
"30681","Spulyt","Tablet","8 mg","https://medex.com.bd/brands/30681/spulyt-8-mg-tablet"
"26846","Sperdal","Tablet","4 mg","https://medex.com.bd/brands/26846/sperdal-4-mg-tablet"
"30490","Spusoft","Capsule","300 mg","https://medex.com.bd/brands/30490/spusoft-300-mg-capsule"
"19201","SQ-Mycetin","Ophthalmic Solution","0.5%","https://medex.com.bd/brands/19201/sq-mycetin-05-eye-drop"
"36010","Square Collagen","Oral Powder","","https://medex.com.bd/brands/36010/square-collagen-oral-powder"
"14816","SR Saline","Oral Powder","10.25 gm","https://medex.com.bd/brands/14816/sr-saline-1025-gm-oral-powder"
"31580","SRS-Saline","Oral Powder","10.25 gm","https://medex.com.bd/brands/31580/srs-saline-1025-gm-oral-powder"
"36964","SRT","Vaginal Cream","0.1%","https://medex.com.bd/brands/36964/srt-01-vaginal-cream"
"39355","Srenxit-M","Tablet","0.5 mg+10 mg","https://medex.com.bd/brands/39355/srenxit-m-05-mg-tablet"
"25112","Stenide","Cream","1%+0.1%","https://medex.com.bd/brands/25112/stenide-1-01-cream"
"23076","Stosec","Capsule (Enteric Coated)","20 mg","https://medex.com.bd/brands/23076/stosec-20-mg-ec-capsule"
"23077","Stosec","IV Injection","40 mg/vial","https://medex.com.bd/brands/23077/stosec-40-mg-injection"
"24053","Stogut","Tablet (Enteric Coated)","20 mg","https://medex.com.bd/brands/24053/stogut-20-mg-ec-tablet"
"24447","Starfil","Tablet","50 mg","https://medex.com.bd/brands/24447/starfil-50-mg-tablet"
"24448","Starfil","Tablet","100 mg","https://medex.com.bd/brands/24448/starfil-100-mg-tablet"
"24684","STK","Injection","1.5 million unit/vial","https://medex.com.bd/brands/24684/stk-15-million-injection"
"26544","Stresin","Capsule (Delayed Release)","30 mg","https://medex.com.bd/brands/26544/stresin-30-mg-dr-capsule"
"26928","Steclo","Cream","0.05%","https://medex.com.bd/brands/26928/steclo-005-cream"
"26798","Stiba","Syrup","5 mg/5 ml","https://medex.com.bd/brands/26798/stiba-5-mg-syrup"
"25172","Stener","Tablet","300 mg","https://medex.com.bd/brands/25172/stener-300-mg-tablet"
"33817","Supotaria","Nebuliser Solution","25 mcg/ml","https://medex.com.bd/brands/33817/supotaria-25-mcg-nebuliser-solution"
"34788","Sulforid","Tablet","3 mg","https://medex.com.bd/brands/34788/sulforid-3-mg-tablet"
"34787","Sulforid","Tablet","2 mg","https://medex.com.bd/brands/34787/sulforid-2-mg-tablet"
"34786","Sulforid","Tablet","1 mg","https://medex.com.bd/brands/34786/sulforid-1-mg-tablet"
"34623","Sudor-X","Topical Solution","20% w/v","https://medex.com.bd/brands/34623/sudor-x-20-w-topical-solution"
"34031","Sucofer","IV Injection or Infusion","100 mg/5 ml","https://medex.com.bd/brands/34031/sucofer-100-mg-iv-injection"
"33919","Sumetrolim","Oral Suspension","(200 mg+40 mg)/5 ml","https://medex.com.bd/brands/33919/sumetrolim-200-mg-oral-suspension"
"33839","Sucramax","Oral Suspension","1 gm/5 ml","https://medex.com.bd/brands/33839/sucramax-1-gm-oral-suspension"
"33298","Supersol","Hand Rub","75%+0.125%+1.45%","https://medex.com.bd/brands/33298/supersol-75-0125-hand-rub"
"33412","SugarO Lite","Oral Powder","","https://medex.com.bd/brands/33412/sugaro-lite-oral-powder"
"33413","SugarO Strong","Oral Powder","","https://medex.com.bd/brands/33413/sugaro-strong-oral-powder"
"33195","Supreno","Syrup","7.5 mg/5 ml","https://medex.com.bd/brands/33195/supreno-75-mg-syrup"
"24696","Sweet'n Zero","Tablet","8 mg","https://medex.com.bd/brands/24696/sweetn-zero-8-mg-tablet"
"24697","Sweet'n Zero","Oral Powder","12 mg/sachet","https://medex.com.bd/brands/24697/sweetn-zero-12-mg-oral-powder"
"29407","Sweet Drops","Liquid","25%","https://medex.com.bd/brands/29407/sweet-drops-25-liquid"
"34403","Synogen Alfa","Capsule","40 mg+100 mg","https://medex.com.bd/brands/34403/synogen-alfa-40-mg-capsule"
"34365","Syntocin","IM/IV Injection","10 IU/ml","https://medex.com.bd/brands/34365/syntocin-10-iu-imiv-injection"
"34275","Synogen","Tablet","40 mg","https://medex.com.bd/brands/34275/synogen-40-mg-tablet"
"33843","Syncard","Tablet","5 mg+10 mg","https://medex.com.bd/brands/33843/syncard-5-mg-tablet"
"32717","Syalox Plus","Tablet","300 mg","https://medex.com.bd/brands/32717/syalox-plus-300-mg-tablet"
"32403","Synogen Plus","Tablet","40 mg+150 mg+120 mg","https://medex.com.bd/brands/32403/synogen-plus-40-mg-tablet"
"31090","Synogen","Capsule (Delayed Release)","40 mg","https://medex.com.bd/brands/31090/synogen-40-mg-dr-capsule"
"30707","Syncapone","Tablet","50 mg+12.5 mg +200 mg","https://medex.com.bd/brands/30707/syncapone-50-mg-tablet"
"30706","Syncapone","Tablet","150 mg+37.5 mg+200 mg","https://medex.com.bd/brands/30706/syncapone-150-mg-tablet"
"30705","Syncapone","Tablet","100 mg+25 mg+200 mg","https://medex.com.bd/brands/30705/syncapone-100-mg-tablet"
"28351","Synvisc-One","Intra-articular Injection","48 mg/10 ml","https://medex.com.bd/brands/28351/synvisc-one-48-mg-injection"
"30911","Tarvanib","Tablet","150 mg","https://medex.com.bd/brands/30911/tarvanib-150-mg-tablet"
"30912","Tarvanib","Tablet","100 mg","https://medex.com.bd/brands/30912/tarvanib-100-mg-tablet"
"30875","Tazocin","IV Infusion","(4 gm+0.5 gm)/vial","https://medex.com.bd/brands/30875/tazocin-4-gm-iv-infusion"
"30442","Tartflex","Capsule","500 mg","https://medex.com.bd/brands/30442/tartflex-500-mg-capsule"
"28695","Taziaid","IM/IV Injection","250 mg/vial","https://medex.com.bd/brands/28695/taziaid-250-mg-imiv-injection"
"29023","Tacroderm","Ointment","0.1%","https://medex.com.bd/brands/29023/tacroderm-01-ointment"
"30954","Tapazol","Tablet","5 mg","https://medex.com.bd/brands/30954/tapazol-5-mg-tablet"
"30053","Tagribo","Tablet","80 mg","https://medex.com.bd/brands/30053/tagribo-80-mg-tablet"
"37930","TBfin","Tablet","250 mg","https://medex.com.bd/brands/37930/tbfin-250-mg-tablet"
"24870","TC","Capsule","250 mg","https://medex.com.bd/brands/24870/tc-250-mg-capsule"
"1232","TCL-R","Tablet","20 mg","https://medex.com.bd/brands/1232/tcl-r-20-mg-tablet"
"1233","TCL-R","Tablet","10 mg","https://medex.com.bd/brands/1233/tcl-r-10-mg-tablet"
"25544","TCL-R","Tablet","40 mg","https://medex.com.bd/brands/25544/tcl-r-40-mg-tablet"
"37109","Td Vaccine","Injection","0.5 ml","https://medex.com.bd/brands/37109/td-vaccine-05-ml-injection"
"7593","Tdcef","Tablet","200 mg","https://medex.com.bd/brands/7593/tdcef-200-mg-tablet"
"7594","Tdcef DS","Powder for Suspension","200 mg/5 ml","https://medex.com.bd/brands/7594/tdcef-ds-200-mg-powder-for-suspension"
"7595","Tdcef","Powder for Suspension","100 mg/5 ml","https://medex.com.bd/brands/7595/tdcef-100-mg-powder-for-suspension"
"31742","Telmitan Max","Tablet","10 mg+80 mg","https://medex.com.bd/brands/31742/telmitan-max-10-mg-tablet"
"31547","Tendia","IM/IV Injection","100 mg/2 ml","https://medex.com.bd/brands/31547/tendia-100-mg-imiv-injection"
"31582","Tensin","Tablet","50 mg","https://medex.com.bd/brands/31582/tensin-50-mg-tablet"
"31596","Terbixen","Tablet","250 mg","https://medex.com.bd/brands/31596/terbixen-250-mg-tablet"
"31732","Terbimax","Tablet","250 mg","https://medex.com.bd/brands/31732/terbimax-250-mg-tablet"
"31733","Terbimax","Cream","1%","https://medex.com.bd/brands/31733/terbimax-1-cream"
"31741","Telmitan Max","Tablet","10 mg+40 mg","https://medex.com.bd/brands/31741/telmitan-max-10-mg-tablet"
"32299","Telmidip","Tablet","10 mg+40 mg","https://medex.com.bd/brands/32299/telmidip-10-mg-tablet"
"32345","Terbiheal","Cream","1%","https://medex.com.bd/brands/32345/terbiheal-1-cream"
"32343","Terbiheal","Tablet","250 mg","https://medex.com.bd/brands/32343/terbiheal-250-mg-tablet"
"31527","Telfex","Tablet","180 mg","https://medex.com.bd/brands/31527/telfex-180-mg-tablet"
"31988","Telmitan Plus","Tablet","80 mg+25 mg","https://medex.com.bd/brands/31988/telmitan-plus-80-mg-tablet"
"7658","Tgocef","Capsule","200 mg","https://medex.com.bd/brands/7658/tgocef-200-mg-capsule"
"7659","Tgocef","Capsule","400 mg","https://medex.com.bd/brands/7659/tgocef-400-mg-capsule"
"7660","Tgocef","Powder for Suspension","100 mg/5 ml","https://medex.com.bd/brands/7660/tgocef-100-mg-powder-for-suspension"
"20606","Tget","Ophthalmic Solution","0.3%","https://medex.com.bd/brands/20606/tget-03-eye-drop"
"27795","Tgocef DS","Powder for Suspension","200 mg/5 ml","https://medex.com.bd/brands/27795/tgocef-ds-200-mg-powder-for-suspension"
"32467","Tget D","Ophthalmic Solution","0.3%+0.1%","https://medex.com.bd/brands/32467/tget-d-03-01-eye-drop"
"36613","Tgdrop","Tablet","100 mg","https://medex.com.bd/brands/36613/tgdrop-100-mg-tablet"
"29779","Thelin","Tablet","15 mg","https://medex.com.bd/brands/29779/thelin-15-mg-tablet"
"33135","Thyronor","Tablet","75 mcg","https://medex.com.bd/brands/33135/thyronor-75-mcg-tablet"
"32990","Thyronor","Tablet","12.5 mcg","https://medex.com.bd/brands/32990/thyronor-125-mcg-tablet"
"32321","Thoraz","Tablet","500 mg","https://medex.com.bd/brands/32321/thoraz-500-mg-tablet"
"30819","Thalin","Tablet","25 mg","https://medex.com.bd/brands/30819/thalin-25-mg-tablet"
"30503","Thiontal","IV Injection","500 mg/vial","https://medex.com.bd/brands/30503/thiontal-500-mg-injection"
"30502","Thiontal","IV Injection","1 gm/vial","https://medex.com.bd/brands/30502/thiontal-1-gm-injection"
"29846","Thyrox","Tablet","100 mcg","https://medex.com.bd/brands/29846/thyrox-100-mcg-tablet"
"26667","Theo-fast","Syrup","120 mg/5 ml","https://medex.com.bd/brands/26667/theo-fast-120-mg-syrup"
"27559","Thioton","IV Injection","1 gm/vial","https://medex.com.bd/brands/27559/thioton-1-gm-injection"
"27558","Thiopen","IV Injection","1 gm/vial","https://medex.com.bd/brands/27558/thiopen-1-gm-injection"
"32561","Ticard","Tablet","5 mg","https://medex.com.bd/brands/32561/ticard-5-mg-tablet"
"32962","Ticoma B OSD","Ophthalmic Solution","0.2%+0.5%","https://medex.com.bd/brands/32962/ticoma-b-osd-02-05-eye-drop"
"32924","Tinfix","Powder for Suspension","100 mg/5 ml","https://medex.com.bd/brands/32924/tinfix-100-mg-powder-for-suspension"
"32923","Tinfix","Capsule","400 mg","https://medex.com.bd/brands/32923/tinfix-400-mg-capsule"
"32922","Tinfix","Capsule","200 mg","https://medex.com.bd/brands/32922/tinfix-200-mg-capsule"
"32563","Timonium","Tablet","50 mg","https://medex.com.bd/brands/32563/timonium-50-mg-tablet"
"32562","Ticard Plus","Tablet","5 mg+50 mg","https://medex.com.bd/brands/32562/ticard-plus-5-mg-tablet"
"32411","Tivit","Tablet","100 mg","https://medex.com.bd/brands/32411/tivit-100-mg-tablet"
"32259","Tiga","Tablet","60 mg","https://medex.com.bd/brands/32259/tiga-60-mg-tablet"
"32410","Tizabet","Capsule","200 mg","https://medex.com.bd/brands/32410/tizabet-200-mg-capsule"
"33389","Tizalex","Tablet","2 mg","https://medex.com.bd/brands/33389/tizalex-2-mg-tablet"
"32559","Tibeta","Tablet","2.5 mg","https://medex.com.bd/brands/32559/tibeta-25-mg-tablet"
"37869","Tkof SR","Tablet (Sustained Release)","50 mg","https://medex.com.bd/brands/37869/tkof-sr-50-mg-sr-tablet"
"37870","Tkof","Syrup","7.5 mg/5 ml","https://medex.com.bd/brands/37870/tkof-75-mg-syrup"
"34791","TM Plus","Tablet","325 mg+37.5 mg","https://medex.com.bd/brands/34791/tm-plus-325-mg-tablet"
"1473","TMS","Tablet","50 mg","https://medex.com.bd/brands/1473/tms-50-mg-tablet"
"37942","TMZ","Capsule","100 mg","https://medex.com.bd/brands/37942/tmz-100-mg-capsule"
"37943","TMZ","Capsule","250 mg","https://medex.com.bd/brands/37943/tmz-250-mg-capsule"
"38503","Tmon","Tablet","10 mg","https://medex.com.bd/brands/38503/tmon-10-mg-tablet"
"27943","Tomium","Tablet","50 mg","https://medex.com.bd/brands/27943/tomium-50-mg-tablet"
"28612","Tobram","Ophthalmic Solution","0.3%","https://medex.com.bd/brands/28612/tobram-03-eye-drop"
"28611","Topidin","Ointment","5% w/w","https://medex.com.bd/brands/28611/topidin-5-w-ointment"
"28605","Tonemide","Tablet","20 mg+50 mg","https://medex.com.bd/brands/28605/tonemide-20-mg-tablet"
"28498","Torcox","Tablet","120 mg","https://medex.com.bd/brands/28498/torcox-120-mg-tablet"
"28497","Torcox","Tablet","90 mg","https://medex.com.bd/brands/28497/torcox-90-mg-tablet"
"28496","Torcox","Tablet","60 mg","https://medex.com.bd/brands/28496/torcox-60-mg-tablet"
"28200","Tolfenac SR","Capsule (Sustained Release)","100 mg","https://medex.com.bd/brands/28200/tolfenac-sr-100-mg-sr-capsule"
"27748","Tobracin D","Ophthalmic Ointment","0.1%+0.3%","https://medex.com.bd/brands/27748/tobracin-d-01-03-eye-ointment"
"27756","Tone","Tablet","100 mg","https://medex.com.bd/brands/27756/tone-100-mg-tablet"
"27882","Tolec","IM/IV Injection","30 mg/ml","https://medex.com.bd/brands/27882/tolec-30-mg-imiv-injection"
"27747","Tobracin D","Ophthalmic Solution","0.1%+0.3%","https://medex.com.bd/brands/27747/tobracin-d-01-03-eye-drop"
"13702","TPC","IM Injection","(100 mg+100 mg+1 mg)/3 ml","https://medex.com.bd/brands/13702/tpc-100-mg-im-injection"
"13703","TPC","Tablet","100 mg+200 mg+200 mcg","https://medex.com.bd/brands/13703/tpc-100-mg-tablet"
"15288","TPS","IV Injection","500 mg/vial","https://medex.com.bd/brands/15288/tps-500-mg-injection"
"27560","TPS","IV Injection","1 gm/vial","https://medex.com.bd/brands/27560/tps-1-gm-injection"
"32738","Tplase","IV Injection","5 mg/ml","https://medex.com.bd/brands/32738/tplase-5-mg-injection"
"18580","TR Care","Ophthalmic Solution","1%","https://medex.com.bd/brands/18580/tr-care-1-eye-drop"
"28607","Trado","Capsule","50 mg","https://medex.com.bd/brands/28607/trado-50-mg-capsule"
"28060","Trofurit","Tablet","40 mg","https://medex.com.bd/brands/28060/trofurit-40-mg-tablet"
"28061","Trofurit","IM/IV Injection","20 mg/2 ml","https://medex.com.bd/brands/28061/trofurit-20-mg-imiv-injection"
"28158","Trucal","Tablet","400 mg","https://medex.com.bd/brands/28158/trucal-400-mg-tablet"
"28185","Treptora","Tablet","25 mg","https://medex.com.bd/brands/28185/treptora-25-mg-tablet"
"28186","Treptora","Tablet","50 mg","https://medex.com.bd/brands/28186/treptora-50-mg-tablet"
"28606","Tramic","IM/IV Injection","500 mg/5 ml","https://medex.com.bd/brands/28606/tramic-500-mg-imiv-injection"
"28625","Tridyl","Tablet","2 mg","https://medex.com.bd/brands/28625/tridyl-2-mg-tablet"
"28627","Tridyl","Syrup","5 mg/5 ml","https://medex.com.bd/brands/28627/tridyl-5-mg-syrup"
"28626","Tridyl","Tablet","5 mg","https://medex.com.bd/brands/28626/tridyl-5-mg-tablet"
"28059","Triben DS","Chewable Tablet","400 mg","https://medex.com.bd/brands/28059/triben-ds-400-mg-chewable-tablet"
"15253","TTvax","IM Injection","40 IU/0.5 ml","https://medex.com.bd/brands/15253/ttvax-40-iu-im-injection"
"29888","TTO Thermal","Shampoo","","https://medex.com.bd/brands/29888/tto-thermal-shampoo"
"34159","Tucaxen","Tablet","150 mg","https://medex.com.bd/brands/34159/tucaxen-150-mg-tablet"
"30716","Tulsi","Syrup","125 mg/5 ml","https://medex.com.bd/brands/30716/tulsi-125-mg-syrup"
"30926","Tussy","Syrup","(30 mg+100 mg+1.25 mg)/5 ml","https://medex.com.bd/brands/30926/tussy-30-mg-syrup"
"31616","Tushinta","Syrup","(20 mg+10 mg+2.5 mg)/5 ml","https://medex.com.bd/brands/31616/tushinta-20-mg-syrup"
"32332","Tufexil","Tablet","200 mg","https://medex.com.bd/brands/32332/tufexil-200-mg-tablet"
"33106","Turmeric","Capsule","1000 mg","https://medex.com.bd/brands/33106/turmeric-1000-mg-capsule"
"33485","Tussilon","Capsule","100 mg","https://medex.com.bd/brands/33485/tussilon-100-mg-capsule"
"34080","Turperin","Capsule","500 mg+5 mg","https://medex.com.bd/brands/34080/turperin-500-mg-capsule"
"38545","Turboclav","Powder for Suspension","(125 mg+31.25 mg)/5 ml","https://medex.com.bd/brands/38545/turboclav-125-mg-powder-for-suspension"
"38297","Tumpa","Tablet","50 mg","https://medex.com.bd/brands/38297/tumpa-50-mg-tablet"
"6759","Twicef","Capsule","500 mg","https://medex.com.bd/brands/6759/twicef-500-mg-capsule"
"11579","Twist","Tablet (Delayed Release)","500 mg+20 mg","https://medex.com.bd/brands/11579/twist-500-mg-dr-tablet"
"16571","Twinvir","Tablet","90 mg+400 mg","https://medex.com.bd/brands/16571/twinvir-90-mg-tablet"
"27481","Tweet Gold","Syrup","","https://medex.com.bd/brands/27481/tweet-gold-syrup"
"27482","Tweet Gold","Tablet","","https://medex.com.bd/brands/27482/tweet-gold-tablet"
"27483","Tweet Silver","Tablet","","https://medex.com.bd/brands/27483/tweet-silver-tablet"
"32383","Twindopa","Tablet","100 mg+10 mg","https://medex.com.bd/brands/32383/twindopa-100-mg-tablet"
"32384","Twindopa","Tablet","100 mg+25 mg","https://medex.com.bd/brands/32384/twindopa-100-mg-tablet"
"32385","Twindopa","Tablet","250 mg+25 mg","https://medex.com.bd/brands/32385/twindopa-250-mg-tablet"
"32925","Twotil","Tablet","250 mg","https://medex.com.bd/brands/32925/twotil-250-mg-tablet"
"32926","Twotil","Tablet","500 mg","https://medex.com.bd/brands/32926/twotil-500-mg-tablet"
"33171","Twincard","Tablet","50 mg+25 mg","https://medex.com.bd/brands/33171/twincard-50-mg-tablet"
"18532","Tysinor","Tablet","500 mg","https://medex.com.bd/brands/18532/tysinor-500-mg-tablet"
"29305","Tyrokin","Tablet","100 mg","https://medex.com.bd/brands/29305/tyrokin-100-mg-tablet"
"29055","Tydox","Capsule","100 mg","https://medex.com.bd/brands/29055/tydox-100-mg-capsule"
"27942","Tyfax DS","Capsule","400 mg","https://medex.com.bd/brands/27942/tyfax-ds-400-mg-capsule"
"26675","Tyverb","Tablet","250 mg","https://medex.com.bd/brands/26675/tyverb-250-mg-tablet"
"26287","Tylace","Effervescent Tablet","600 mg","https://medex.com.bd/brands/26287/tylace-600-mg-eff-tablet"
"25149","TyBlue","Ophthalmic Solution","0.06%","https://medex.com.bd/brands/25149/tyblue-006-eye-drop"
"24956","Tyvas","Tablet","50 mg","https://medex.com.bd/brands/24956/tyvas-50-mg-tablet"
"15257","Typhim Vi","IM Injection","25 mcg/0.5 ml","https://medex.com.bd/brands/15257/typhim-vi-25-mcg-im-injection"
"17254","Tyrokin","Tablet","400 mg","https://medex.com.bd/brands/17254/tyrokin-400-mg-tablet"
"17290","Tyronib","Tablet","100 mg","https://medex.com.bd/brands/17290/tyronib-100-mg-tablet"
"34975","UAC","Tablet","100 mg","https://medex.com.bd/brands/34975/uac-100-mg-tablet"
"5934","Ubilon","Tablet","2.5 mg","https://medex.com.bd/brands/5934/ubilon-25-mg-tablet"
"14757","Ubi-Q","Capsule","100 mg","https://medex.com.bd/brands/14757/ubi-q-100-mg-capsule"
"28472","UbiCare","Capsule","60 mg","https://medex.com.bd/brands/28472/ubicare-60-mg-capsule"
"29554","UbiCare","Capsule","100 mg","https://medex.com.bd/brands/29554/ubicare-100-mg-capsule"
"32128","Ubi-Q","Capsule","200 mg","https://medex.com.bd/brands/32128/ubi-q-200-mg-capsule"
"33286","UbiCare","Capsule","150 mg","https://medex.com.bd/brands/33286/ubicare-150-mg-capsule"
"33287","UbiCare","Capsule","200 mg","https://medex.com.bd/brands/33287/ubicare-200-mg-capsule"
"34976","Ubro","Syrup","4 mg/5 ml","https://medex.com.bd/brands/34976/ubro-4-mg-syrup"
"36961","Ubiden Q","Capsule","200 mg","https://medex.com.bd/brands/36961/ubiden-q-200-mg-capsule"
"39162","UbiCare E","Capsule","100 mg+68 mg","https://medex.com.bd/brands/39162/ubicare-e-100-mg-capsule"
"2549","Ucardol","Tablet","6.25 mg","https://medex.com.bd/brands/2549/ucardol-625-mg-tablet"
"2550","Ucardol","Tablet","12.5 mg","https://medex.com.bd/brands/2550/ucardol-125-mg-tablet"
"2551","Ucardol","Tablet","25 mg","https://medex.com.bd/brands/2551/ucardol-25-mg-tablet"
"15624","Ucol","Tablet","2 mg","https://medex.com.bd/brands/15624/ucol-2-mg-tablet"
"24693","Ucrafate","Oral Suspension","1 gm/5 ml","https://medex.com.bd/brands/24693/ucrafate-1-gm-oral-suspension"
"24694","Ucrafate","Tablet","1000 mg","https://medex.com.bd/brands/24694/ucrafate-1000-mg-tablet"
"30110","Ucet Extra","Tablet","500 mg+65 mg","https://medex.com.bd/brands/30110/ucet-extra-500-mg-tablet"
"30111","Ucet Extend","Tablet (Extended Release)","665 mg","https://medex.com.bd/brands/30111/ucet-extend-665-mg-xr-tablet"
"30533","Ucorex","Tablet","100 mg","https://medex.com.bd/brands/30533/ucorex-100-mg-tablet"
"34977","Ucard","Tablet","5 mg","https://medex.com.bd/brands/34977/ucard-5-mg-tablet"
"34978","UCEP","Capsule","250 mg","https://medex.com.bd/brands/34978/ucep-250-mg-capsule"
"36434","UC-B","Capsule","40 mg+100 mg","https://medex.com.bd/brands/36434/uc-b-40-mg-capsule"
"25167","UDCA","Tablet","300 mg","https://medex.com.bd/brands/25167/udca-300-mg-tablet"
"34014","Udihep","Tablet","150 mg","https://medex.com.bd/brands/34014/udihep-150-mg-tablet"
"34015","Udihep Fort","Tablet","300 mg","https://medex.com.bd/brands/34015/udihep-fort-300-mg-tablet"
"35722","Udiliva","Tablet","300 mg","https://medex.com.bd/brands/35722/udiliva-300-mg-tablet"
"35724","Udiliva","Tablet","150 mg","https://medex.com.bd/brands/35724/udiliva-150-mg-tablet"
"15278","Ufol","Emulsion for infusion","200 mg/20 ml","https://medex.com.bd/brands/15278/ufol-200-mg-emulsion-for-infusion"
"34980","Uflu","Capsule","250 mg","https://medex.com.bd/brands/34980/uflu-250-mg-capsule"
"34981","Uflu","Capsule","500 mg","https://medex.com.bd/brands/34981/uflu-500-mg-capsule"
"36319","Ufenac","Tablet","100 mg","https://medex.com.bd/brands/36319/ufenac-100-mg-tablet"
"36972","Ufenac SR","Tablet (Sustained Release)","200 mg","https://medex.com.bd/brands/36972/ufenac-sr-200-mg-sr-tablet"
"29615","Ultivent","Dry Powder Inhalation Capsule (DPI)","110 mcg+50 mcg","https://medex.com.bd/brands/29615/ultivent-110-mcg-inhalation-capsule"
"34747","Ultivent-M","Dry Powder Inhalation Capsule (DPI)","150 mcg+50 mcg+160 mcg","https://medex.com.bd/brands/34747/ultivent-m-150-mcg-inhalation-capsule"
"31962","Ultra D","Capsule","20000 IU","https://medex.com.bd/brands/31962/ultra-d-20000-iu-capsule"
"30761","Ultrapime","IV Injection","2 gm/vial","https://medex.com.bd/brands/30761/ultrapime-2-gm-injection"
"30682","Ultracaine","Injection","0.25%","https://medex.com.bd/brands/30682/ultracaine-025-injection"
"29864","Ulrif","Oral Suspension","1 gm/5 ml","https://medex.com.bd/brands/29864/ulrif-1-gm-oral-suspension"
"26481","Ultracal-D","Tablet","500 mg+200 IU","https://medex.com.bd/brands/26481/ultracal-d-500-mg-tablet"
"24689","Ulfate","Oral Suspension","1 gm/5 ml","https://medex.com.bd/brands/24689/ulfate-1-gm-oral-suspension"
"25153","Ulicon","Tablet","30 mg","https://medex.com.bd/brands/25153/ulicon-30-mg-tablet"
"34982","Ulan","Capsule (Enteric Coated)","30 mg","https://medex.com.bd/brands/34982/ulan-30-mg-ec-capsule"
"15557","Umactin","Capsule","50 mg","https://medex.com.bd/brands/15557/umactin-50-mg-capsule"
"15558","Umactin","Capsule","100 mg","https://medex.com.bd/brands/15558/umactin-100-mg-capsule"
"15562","Umactin","Oral Suspension","25 mg/5 ml","https://medex.com.bd/brands/15562/umactin-25-mg-oral-suspension"
"22898","Umactin BD","Capsule (Modified Release)","75 mg+25 mg","https://medex.com.bd/brands/22898/umactin-bd-75-mg-mr-capsule"
"29605","Uman Albumin","IV Infusion","20%","https://medex.com.bd/brands/29605/uman-albumin-20-iv-infusion"
"34949","Umet","Oral Suspension","200 mg/5 ml","https://medex.com.bd/brands/34949/umet-200-mg-oral-suspension"
"34954","Umethacin","Capsule","25 mg","https://medex.com.bd/brands/34954/umethacin-25-mg-capsule"
"34957","Umet","Tablet","400 mg","https://medex.com.bd/brands/34957/umet-400-mg-tablet"
"34983","Umodin","Tablet","10 mg","https://medex.com.bd/brands/34983/umodin-10-mg-tablet"
"34984","Umox","Capsule","250 mg","https://medex.com.bd/brands/34984/umox-250-mg-capsule"
"34985","Umox","Capsule","500 mg","https://medex.com.bd/brands/34985/umox-500-mg-capsule"
"34986","Umox","Pediatric Drops","125 mg/1.25 ml","https://medex.com.bd/brands/34986/umox-125-mg-pediatric-drop"
"33901","Unibac DS","Powder for Suspension","200 mg/5 ml","https://medex.com.bd/brands/33901/unibac-ds-200-mg-powder-for-suspension"
"33911","UniHaler","Metered-Dose Inhaler (MDI)","","https://medex.com.bd/brands/33911/unihaler-metered-dose-inhaler"
"34950","Unargan","Oral Solution","5 mg/5 ml","https://medex.com.bd/brands/34950/unargan-5-mg-oral-solution"
"33900","Unibac","Pediatric Drops","25 mg/ml","https://medex.com.bd/brands/33900/unibac-25-mg-pediatric-drop"
"25951","Uptiva","Tablet","150 mg","https://medex.com.bd/brands/25951/uptiva-150-mg-tablet"
"31087","Upanib","Tablet (Extended Release)","15 mg","https://medex.com.bd/brands/31087/upanib-15-mg-xr-tablet"
"31168","Upacit XR","Tablet (Extended Release)","15 mg","https://medex.com.bd/brands/31168/upacit-xr-15-mg-xr-tablet"
"34992","Uprocin","Tablet","500 mg","https://medex.com.bd/brands/34992/uprocin-500-mg-tablet"
"35435","Uptech Go (Adult)","Metered-Dose Inhaler (MDI)","","https://medex.com.bd/brands/35435/uptech-go-adult-metered-dose-inhaler"
"35436","Uptech Go (Child)","Metered-Dose Inhaler (MDI)","","https://medex.com.bd/brands/35436/uptech-go-child-metered-dose-inhaler"
"38399","Uplid","Ophthalmic Solution","0.1%","https://medex.com.bd/brands/38399/uplid-01-eye-drop"
"39361","Uphaston","Tablet","10 mg","https://medex.com.bd/brands/39361/uphaston-10-mg-tablet"
"39376","Upanib","Tablet (Extended Release)","30 mg","https://medex.com.bd/brands/39376/upanib-30-mg-xr-tablet"
"39594","Upajak","Tablet (Extended Release)","15 mg","https://medex.com.bd/brands/39594/upajak-15-mg-xr-tablet"
"33043","Uriten","Tablet (Extended Release)","10 mg","https://medex.com.bd/brands/33043/uriten-10-mg-xr-tablet"
"32274","Uroben XR","Tablet (Extended Release)","50 mg","https://medex.com.bd/brands/32274/uroben-xr-50-mg-xr-tablet"
"32566","Urocare","Capsule (Modified Release)","0.4 mg","https://medex.com.bd/brands/32566/urocare-04-mg-mr-capsule"
"32602","Urokool","Oral Solution","(1500 mg+250 mg)/5 ml","https://medex.com.bd/brands/32602/urokool-1500-mg-oral-solution"
"32603","Urosolv","Oral Solution","(1500 mg+250 mg)/5 ml","https://medex.com.bd/brands/32603/urosolv-1500-mg-oral-solution"
"32636","Urtizin","Tablet","10 mg","https://medex.com.bd/brands/32636/urtizin-10-mg-tablet"
"32637","Urtizin","Tablet","25 mg","https://medex.com.bd/brands/32637/urtizin-25-mg-tablet"
"32778","Urobak SR","Capsule (Sustained Release)","100 mg","https://medex.com.bd/brands/32778/urobak-sr-100-mg-sr-capsule"
"33630","Ursohil","Tablet","300 mg","https://medex.com.bd/brands/33630/ursohil-300-mg-tablet"
"33547","Urtizin","Syrup","10 mg/5 ml","https://medex.com.bd/brands/33547/urtizin-10-mg-syrup"
"33391","UroSafe","Capsule","400 mg","https://medex.com.bd/brands/33391/urosafe-400-mg-capsule"
"33631","Ursohil","Tablet","150 mg","https://medex.com.bd/brands/33631/ursohil-150-mg-tablet"
"34998","Usapa","Tablet","25 mg","https://medex.com.bd/brands/34998/usapa-25-mg-tablet"
"34999","Usapa","Tablet","50 mg","https://medex.com.bd/brands/34999/usapa-50-mg-tablet"
"35000","Usucchin","Powder for Suspension","125 mg/5 ml","https://medex.com.bd/brands/35000/usucchin-125-mg-powder-for-suspension"
"33668","UT Cran","Capsule","500 mg","https://medex.com.bd/brands/33668/ut-cran-500-mg-capsule"
"26557","Utrogestan","Capsule","100 mg","https://medex.com.bd/brands/26557/utrogestan-100-mg-capsule"
"39707","UTU","Capsule","400 mg","https://medex.com.bd/brands/39707/utu-400-mg-capsule"
"39235","Utifin SR","Capsule (Sustained Release)","100 mg","https://medex.com.bd/brands/39235/utifin-sr-100-mg-sr-capsule"
"38785","Utramal IR","Tablet (Immediate Release)","50 mg","https://medex.com.bd/brands/38785/utramal-ir-50-mg-ir-tablet"
"36869","UTIpro","Capsule","18 mg+0.5 billion CFU+160 mcg","https://medex.com.bd/brands/36869/utipro-18-mg-capsule"
"36198","Utrogest","Capsule","200 mg","https://medex.com.bd/brands/36198/utrogest-200-mg-capsule"
"36197","Utrogest","Capsule","100 mg","https://medex.com.bd/brands/36197/utrogest-100-mg-capsule"
"33979","Uticure","Tablet","1 gm","https://medex.com.bd/brands/33979/uticure-1-gm-tablet"
"31991","Utifos","Oral Powder","3 gm/sachet","https://medex.com.bd/brands/31991/utifos-3-gm-oral-powder"
"26558","Utrogestan","Capsule","200 mg","https://medex.com.bd/brands/26558/utrogestan-200-mg-capsule"
"35002","Uvit E","Chewable Tablet","200 mg","https://medex.com.bd/brands/35002/uvit-e-200-mg-chewable-tablet"
"35003","Uzide","Tablet","80 mg","https://medex.com.bd/brands/35003/uzide-80-mg-tablet"
"35004","Uzin","Syrup","5 mg/5 ml","https://medex.com.bd/brands/35004/uzin-5-mg-syrup"
"35005","Uzin","Tablet","10 mg","https://medex.com.bd/brands/35005/uzin-10-mg-tablet"
"35006","Uzone","Tablet","15 mg","https://medex.com.bd/brands/35006/uzone-15-mg-tablet"
"35007","Uzu","Syrup","10 mg/5 ml","https://medex.com.bd/brands/35007/uzu-10-mg-syrup"
"30563","Vasopin","Tablet","10 mg","https://medex.com.bd/brands/30563/vasopin-10-mg-tablet"
"29641","Valent","Capsule","450 mg","https://medex.com.bd/brands/29641/valent-450-mg-capsule"
"30065","Vaptan","Tablet","15 mg","https://medex.com.bd/brands/30065/vaptan-15-mg-tablet"
"30112","Vaniflo","Cream","13.9%","https://medex.com.bd/brands/30112/vaniflo-139-cream"
"30261","Vardamate","Tablet","10 mg","https://medex.com.bd/brands/30261/vardamate-10-mg-tablet"
"30262","Vardamate","Tablet","20 mg","https://medex.com.bd/brands/30262/vardamate-20-mg-tablet"
"30310","Valestra","Tablet","1 mg","https://medex.com.bd/brands/30310/valestra-1-mg-tablet"
"30493","Vasotrop","Ophthalmic Solution","0.8%+5%","https://medex.com.bd/brands/30493/vasotrop-08-5-eye-drop"
"31726","Valporin","Syrup","200 mg/5 ml","https://medex.com.bd/brands/31726/valporin-200-mg-syrup"
"31727","Valporin CR","Tablet (Controlled Release)","500 mg","https://medex.com.bd/brands/31727/valporin-cr-500-mg-cr-tablet"
"35568","VB-3","Tablet","100 mg+200 mg+200 mcg","https://medex.com.bd/brands/35568/vb-3-100-mg-tablet"
"13939","VC-250","Chewable Tablet","250 mg","https://medex.com.bd/brands/13939/vc-250-250-mg-chewable-tablet"
"22462","VCAP","Vaginal Suppository","","https://medex.com.bd/brands/22462/vcap-vaginal-suppository"
"32839","Vcand","Tablet","50 mg","https://medex.com.bd/brands/32839/vcand-50-mg-tablet"
"32840","Vcand","Powder for Suspension","200 mg/5 ml","https://medex.com.bd/brands/32840/vcand-200-mg-powder-for-suspension"
"34693","Vcent","Tablet","50 mg","https://medex.com.bd/brands/34693/vcent-50-mg-tablet"
"38878","VCR","IV Injection","2 mg/2 ml","https://medex.com.bd/brands/38878/vcr-2-mg-injection"
"27257","VD-Cal","Tablet","500 mg+200 IU","https://medex.com.bd/brands/27257/vd-cal-500-mg-tablet"
"33578","VD-Cor","Tablet","500 mg+200 IU","https://medex.com.bd/brands/33578/vd-cor-500-mg-tablet"
"29586","Veridom","Tablet","10 mg","https://medex.com.bd/brands/29586/veridom-10-mg-tablet"
"29817","Vermectin","Tablet","6 mg","https://medex.com.bd/brands/29817/vermectin-6-mg-tablet"
"29591","Veritrizin","Tablet","10 mg","https://medex.com.bd/brands/29591/veritrizin-10-mg-tablet"
"29590","Verisol","Hand Rub","0.5%+70%","https://medex.com.bd/brands/29590/verisol-05-70-hand-rub"
"29589","Verigold","Tablet","","https://medex.com.bd/brands/29589/verigold-tablet"
"29587","Verifen SR","Tablet (Sustained Release)","100 mg","https://medex.com.bd/brands/29587/verifen-sr-100-mg-sr-tablet"
"29588","Verifen SR","Capsule (Sustained Release)","100 mg","https://medex.com.bd/brands/29588/verifen-sr-100-mg-sr-capsule"
"29266","Ventilast","Tablet","10 mg","https://medex.com.bd/brands/29266/ventilast-10-mg-tablet"
"29016","Vericox","Tablet","120 mg","https://medex.com.bd/brands/29016/vericox-120-mg-tablet"
"29231","Velatas","Tablet","400 mg+100 mg","https://medex.com.bd/brands/29231/velatas-400-mg-tablet"
"29818","Vermectin","Tablet","12 mg","https://medex.com.bd/brands/29818/vermectin-12-mg-tablet"
"29584","Vericef","Capsule","500 mg","https://medex.com.bd/brands/29584/vericef-500-mg-capsule"
"37007","Vgofil","Tablet","10 mg","https://medex.com.bd/brands/37007/vgofil-10-mg-tablet"
"29434","Viscotin","Nebuliser Solution","600 mg/3 ml","https://medex.com.bd/brands/29434/viscotin-600-mg-nebuliser-solution"
"29009","Vita-D","Capsule","40000 IU","https://medex.com.bd/brands/29009/vita-d-40000-iu-capsule"
"29056","Vitrocin","Capsule","100 mg","https://medex.com.bd/brands/29056/vitrocin-100-mg-capsule"
"29084","Vilip","Tablet","50 mg","https://medex.com.bd/brands/29084/vilip-50-mg-tablet"
"29189","Virupos","Ophthalmic Ointment","3%","https://medex.com.bd/brands/29189/virupos-3-eye-ointment"
"29352","Vital Protein","Capsule","500 mg","https://medex.com.bd/brands/29352/vital-protein-500-mg-capsule"
"29870","Visibil","Capsule","160 mg","https://medex.com.bd/brands/29870/visibil-160-mg-capsule"
"29750","Vigo-Fort","Capsule","250 mg","https://medex.com.bd/brands/29750/vigo-fort-250-mg-capsule"
"29008","Vita-D","Tablet","2000 IU","https://medex.com.bd/brands/29008/vita-d-2000-iu-tablet"
"29474","Vidalin D","IV Infusion","","https://medex.com.bd/brands/29474/vidalin-d-iv-infusion"
"29473","Vidalin N","IV Infusion","","https://medex.com.bd/brands/29473/vidalin-n-iv-infusion"
"14122","VM Gold","Tablet","","https://medex.com.bd/brands/14122/vm-gold-tablet"
"13711","VN","Tablet","100 mg+200 mg+200 mcg","https://medex.com.bd/brands/13711/vn-100-mg-tablet"
"35727","Vorile","Tablet","50 mg","https://medex.com.bd/brands/35727/vorile-50-mg-tablet"
"35151","Vortiox","Tablet","10 mg","https://medex.com.bd/brands/35151/vortiox-10-mg-tablet"
"35152","Vortiox","Tablet","20 mg","https://medex.com.bd/brands/35152/vortiox-20-mg-tablet"
"35180","Vonion","Tablet","10 mg","https://medex.com.bd/brands/35180/vonion-10-mg-tablet"
"35181","Vonion","Tablet","20 mg","https://medex.com.bd/brands/35181/vonion-20-mg-tablet"
"35268","Vorizol","IV Injection","200 mg/vial","https://medex.com.bd/brands/35268/vorizol-200-mg-injection"
"35305","Votab","Tablet","200 mg","https://medex.com.bd/brands/35305/votab-200-mg-tablet"
"35315","Vogli","Tablet","0.2 mg","https://medex.com.bd/brands/35315/vogli-02-mg-tablet"
"35316","Vogli","Tablet","0.3 mg","https://medex.com.bd/brands/35316/vogli-03-mg-tablet"
"35407","Vonolend Kit","Tablet","40 mg+2000 mg+1000 mg","https://medex.com.bd/brands/35407/vonolend-kit-40-mg-tablet"
"35705","Volicool","Gel","1% w/w","https://medex.com.bd/brands/35705/volicool-1-w-gel"
"36629","Voricare","Tablet","200 mg","https://medex.com.bd/brands/36629/voricare-200-mg-tablet"
"30656","Vroot","Tablet","6 mg+200 mg+50 mg","https://medex.com.bd/brands/30656/vroot-6-mg-tablet"
"35019","VSIQQ","IV Infusion","6 mg/0.05 ml","https://medex.com.bd/brands/35019/vsiqq-6-mg-iv-infusion"
"35457","Vtapa","Cream","1%","https://medex.com.bd/brands/35457/vtapa-1-cream"
"36452","Vulcan","Capsule","150 mg","https://medex.com.bd/brands/36452/vulcan-150-mg-capsule"
"38708","Vurdon plus","IM Injection","(75 mg+20 mg)/2 ml","https://medex.com.bd/brands/38708/vurdon-plus-75-mg-im-injection"
"34893","Vwash plus","Topical Solution","1.2% w/v","https://medex.com.bd/brands/34893/vwash-plus-12-w-topical-solution"
"39547","VZ-20","Tablet","20 mg","https://medex.com.bd/brands/39547/vz-20-20-mg-tablet"
"28985","Washout Ezy","Hand Rub","75%+0.125%+1.45%","https://medex.com.bd/brands/28985/washout-ezy-75-0125-hand-rub"
"38403","Wataris","Tablet","40 mg","https://medex.com.bd/brands/38403/wataris-40-mg-tablet"
"36534","Water for Injection","Liquid","5 mg/ampoule","https://medex.com.bd/brands/36534/water-for-injection-5-mg-liquid"
"30113","Waxsol","Ear Drop","0.5%","https://medex.com.bd/brands/30113/waxsol-05-ear-drop"
"3216","Warin","Tablet","5 mg","https://medex.com.bd/brands/3216/warin-5-mg-tablet"
"27749","Water for injection","Liquid","10 ml/ampoule","https://medex.com.bd/brands/27749/water-for-injection-10-ml-liquid"
"27493","Water for Inj.","Liquid","5 ml/ampoule","https://medex.com.bd/brands/27493/water-for-inj-5-ml-liquid"
"12839","Welon","Solution","0.5%+3%","https://medex.com.bd/brands/12839/welon-05-3-solution"
"27290","Wedica","Tablet","100 mg","https://medex.com.bd/brands/27290/wedica-100-mg-tablet"
"27291","Wedica","Tablet","50 mg","https://medex.com.bd/brands/27291/wedica-50-mg-tablet"
"28830","Wellkid","Syrup","","https://medex.com.bd/brands/28830/wellkid-syrup"
"29133","Welgut","Capsule","20 billion","https://medex.com.bd/brands/29133/welgut-20-billion-capsule"
"33837","Wella","Tablet","12.5 mg+5 mg","https://medex.com.bd/brands/33837/wella-125-mg-tablet"
"36527","Welzinc","Syrup","10 mg/5 ml","https://medex.com.bd/brands/36527/welzinc-10-mg-syrup"
"36528","Welzinc","Tablet","20 mg","https://medex.com.bd/brands/36528/welzinc-20-mg-tablet"
"38015","Wella DS","Tablet","25 mg+10 mg","https://medex.com.bd/brands/38015/wella-ds-25-mg-tablet"
"37576","WFI","Liquid","5 ml/ampoule","https://medex.com.bd/brands/37576/wfi-5-ml-liquid"
"37577","WFI","Liquid","10 ml/ampoule","https://medex.com.bd/brands/37577/wfi-10-ml-liquid"
"12459","Whitfield","Ointment","6%+3%","https://medex.com.bd/brands/12459/whitfield-6-3-ointment"
"12462","Whitfield","Ointment","6%+3%","https://medex.com.bd/brands/12462/whitfield-6-3-ointment"
"12463","Whitfield","Ointment","6%+3%","https://medex.com.bd/brands/12463/whitfield-6-3-ointment"
"37738","Whitfield","Ointment","6%+3%","https://medex.com.bd/brands/37738/whitfield-6-3-ointment"
"27947","Winfax","Powder for Suspension","125 mg/5 ml","https://medex.com.bd/brands/27947/winfax-125-mg-powder-for-suspension"
"35380","Wikitin","Tablet","12.5 mg","https://medex.com.bd/brands/35380/wikitin-125-mg-tablet"
"29232","Wigan","Ophthalmic Solution","0.2%+0.5%","https://medex.com.bd/brands/29232/wigan-02-05-eye-drop"
"28002","Windo","Tablet","400 mg","https://medex.com.bd/brands/28002/windo-400-mg-tablet"
"28001","Windo","Tablet","200 mg","https://medex.com.bd/brands/28001/windo-200-mg-tablet"
"27944","Wincef","Capsule","500 mg","https://medex.com.bd/brands/27944/wincef-500-mg-capsule"
"27646","Windel","Nebuliser Solution","5 mg/ml","https://medex.com.bd/brands/27646/windel-5-mg-nebuliser-solution"
"27647","Windel DS","Nebuliser Solution","5 mg/2.5 ml","https://medex.com.bd/brands/27647/windel-ds-5-mg-nebuliser-solution"
"27648","Windel","Nebuliser Solution","2.5 mg/3 ml","https://medex.com.bd/brands/27648/windel-25-mg-nebuliser-solution"
"35381","Wikitin","Tablet","25 mg","https://medex.com.bd/brands/35381/wikitin-25-mg-tablet"
"342","Wormex","Oral Suspension","200 mg/5 ml","https://medex.com.bd/brands/342/wormex-200-mg-oral-suspension"
"343","Wormex","Chewable Tablet","400 mg","https://medex.com.bd/brands/343/wormex-400-mg-chewable-tablet"
"10354","Wormex","Oral Suspension","50 mg/ml","https://medex.com.bd/brands/10354/wormex-50-mg-oral-suspension"
"26050","Wonica","Cream","13.9%","https://medex.com.bd/brands/26050/wonica-139-cream"
"29751","Womenton","Syrup","","https://medex.com.bd/brands/29751/womenton-syrup"
"35409","Xanthia","Capsule","4 mg","https://medex.com.bd/brands/35409/xanthia-4-mg-capsule"
"30971","Xarelta","Tablet","2.5 mg","https://medex.com.bd/brands/30971/xarelta-25-mg-tablet"
"30972","Xarelta","Tablet","10 mg","https://medex.com.bd/brands/30972/xarelta-10-mg-tablet"
"30973","Xarelta","Tablet","15 mg","https://medex.com.bd/brands/30973/xarelta-15-mg-tablet"
"30974","Xarelta","Tablet","20 mg","https://medex.com.bd/brands/30974/xarelta-20-mg-tablet"
"31413","Xanra","Capsule (Enteric Coated)","30 mg","https://medex.com.bd/brands/31413/xanra-30-mg-ec-capsule"
"31414","Xanra","Capsule (Enteric Coated)","60 mg","https://medex.com.bd/brands/31414/xanra-60-mg-ec-capsule"
"32266","Xalcort","Tablet","30 mg","https://medex.com.bd/brands/32266/xalcort-30-mg-tablet"
"35220","Xalcort","Tablet","18 mg","https://medex.com.bd/brands/35220/xalcort-18-mg-tablet"
"35408","Xanthia","Capsule","2 mg","https://medex.com.bd/brands/35408/xanthia-2-mg-capsule"
"37367","Xanra MUPS","MUPS Tablet","30 mg","https://medex.com.bd/brands/37367/xanra-mups-30-mg-mups-table"
"36009","Xaparin","SC Injection","6000 Anti-Xa IU/0.6 ml","https://medex.com.bd/brands/36009/xaparin-6000-anti-xa-sc-injection"
"9355","Xbac","Tablet","500 mg","https://medex.com.bd/brands/9355/xbac-500-mg-tablet"
"9356","Xbac","Tablet","750 mg","https://medex.com.bd/brands/9356/xbac-750-mg-tablet"
"9357","Xbac","Powder for Suspension","250 mg/5 ml","https://medex.com.bd/brands/9357/xbac-250-mg-powder-for-suspension"
"10539","Xcel","Tablet","500 mg","https://medex.com.bd/brands/10539/xcel-500-mg-tablet"
"10541","Xcel ER","Tablet (Extended Release)","665 mg","https://medex.com.bd/brands/10541/xcel-er-665-mg-xr-tablet"
"10542","Xcel","Syrup","120 mg/5 ml","https://medex.com.bd/brands/10542/xcel-120-mg-syrup"
"10543","Xcel","Oral Suspension","120 mg/5 ml","https://medex.com.bd/brands/10543/xcel-120-mg-oral-suspension"
"10544","Xcel","Pediatric Drops","80 mg/ml","https://medex.com.bd/brands/10544/xcel-80-mg-pediatric-drop"
"10632","Xcel Plus","Tablet","500 mg+65 mg","https://medex.com.bd/brands/10632/xcel-plus-500-mg-tablet"
"10781","Xcel Max","Tablet","325 mg+37.5 mg","https://medex.com.bd/brands/10781/xcel-max-325-mg-tablet"
"27757","Xclor","Powder for Suspension","125 mg/5 ml","https://medex.com.bd/brands/27757/xclor-125-mg-powder-for-suspension"
"12594","Xderm","Cream","0.05%","https://medex.com.bd/brands/12594/xderm-005-cream"
"12595","Xderm","Ointment","0.05%","https://medex.com.bd/brands/12595/xderm-005-ointment"
"28919","Xderm N","Cream","0.05%+0.5%+2%","https://medex.com.bd/brands/28919/xderm-n-005-05-cream"
"28920","Xderm N","Ointment","0.05%+0.5%+2%","https://medex.com.bd/brands/28920/xderm-n-005-05-ointment"
"31984","Xderm S","Ointment","0.05%+3%","https://medex.com.bd/brands/31984/xderm-s-005-3-ointment"
"91","Xe Fast","Tablet","100 mg","https://medex.com.bd/brands/91/xe-fast-100-mg-tablet"
"27712","Xerox D","Ophthalmic Solution","0.3%+0.1%","https://medex.com.bd/brands/27712/xerox-d-03-01-eye-drop"
"32473","Xerox","Tablet","500 mg","https://medex.com.bd/brands/32473/xerox-500-mg-tablet"
"27713","Xerox","Ophthalmic Ointment","0.3%","https://medex.com.bd/brands/27713/xerox-03-eye-ointment"
"28741","Xelevo","Tablet","500 mg","https://medex.com.bd/brands/28741/xelevo-500-mg-tablet"
"28742","Xelpro","IV Injection","40 mg/vial","https://medex.com.bd/brands/28742/xelpro-40-mg-injection"
"28824","Xevlin","Tablet","500 mg","https://medex.com.bd/brands/28824/xevlin-500-mg-tablet"
"28825","Xevlin","Powder for Suspension","200 mg/5 ml","https://medex.com.bd/brands/28825/xevlin-200-mg-powder-for-suspension"
"29155","XeroSoft 50:50","Ointment","50%+50%","https://medex.com.bd/brands/29155/xerosoft-5050-50-50-ointment"
"32367","Xelmet","Tablet","500 mg","https://medex.com.bd/brands/32367/xelmet-500-mg-tablet"
"32093","Xelosil","Oral Suspension","(500 mg+213 mg+325 mg)/10 ml","https://medex.com.bd/brands/32093/xelosil-500-mg-oral-suspension"
"31619","Xenovate","Cream","0.05%","https://medex.com.bd/brands/31619/xenovate-005-cream"
"10043","Xfin","Cream","1%","https://medex.com.bd/brands/10043/xfin-1-cream"
"10913","Xflam","Tablet","400 mg","https://medex.com.bd/brands/10913/xflam-400-mg-tablet"
"24851","Xfin","Tablet","250 mg","https://medex.com.bd/brands/24851/xfin-250-mg-tablet"
"17178","Xinarox","IM/IV Injection","750 mg/vial","https://medex.com.bd/brands/17178/xinarox-750-mg-imiv-injection"
"15408","Xidolac","Tablet","10 mg","https://medex.com.bd/brands/15408/xidolac-10-mg-tablet"
"15409","Xidolac","IM/IV Injection","10 mg/ml","https://medex.com.bd/brands/15409/xidolac-10-mg-imiv-injection"
"15410","Xidolac","IM/IV Injection","30 mg/ml","https://medex.com.bd/brands/15410/xidolac-30-mg-imiv-injection"
"15936","Xibrofen","Ophthalmic Solution","0.09%","https://medex.com.bd/brands/15936/xibrofen-009-eye-drop"
"16461","Xiva","Syrup","100 mg/5 ml","https://medex.com.bd/brands/16461/xiva-100-mg-syrup"
"17267","Xifos","IV Infusion","2 gm/vial","https://medex.com.bd/brands/17267/xifos-2-gm-iv-infusion"
"18326","Xiopam","Tablet","3 mg","https://medex.com.bd/brands/18326/xiopam-3-mg-tablet"
"17268","Xitabin","Tablet","500 mg","https://medex.com.bd/brands/17268/xitabin-500-mg-tablet"
"14703","Xinoplex","Syrup","","https://medex.com.bd/brands/14703/xinoplex-syrup"
"17266","Xifos","IV Infusion","1 gm/vial","https://medex.com.bd/brands/17266/xifos-1-gm-iv-infusion"
"17179","Xinarox","IV Injection","1.5 gm/vial","https://medex.com.bd/brands/17179/xinarox-15-gm-injection"
"4644","Xmec","Tablet","25 mg+50 mg","https://medex.com.bd/brands/4644/xmec-25-mg-tablet"
"28160","Xoricard","Tablet","20 mg","https://medex.com.bd/brands/28160/xoricard-20-mg-tablet"
"32028","Xolamid B","Ophthalmic Suspension","1%+0.2%","https://medex.com.bd/brands/32028/xolamid-b-1-02-ophthalmic-suspension"
"31833","Xorest","Tablet","1 mg","https://medex.com.bd/brands/31833/xorest-1-mg-tablet"
"31832","Xorest","Tablet","0.5 mg","https://medex.com.bd/brands/31832/xorest-05-mg-tablet"
"30536","Xolam XR","Tablet (Extended Release)","1 mg","https://medex.com.bd/brands/30536/xolam-xr-1-mg-xr-tablet"
"30535","Xolam XR","Tablet (Extended Release)","0.5 mg","https://medex.com.bd/brands/30535/xolam-xr-05-mg-xr-tablet"
"29280","Xoferon","IV Injection or Infusion","100 mg/5 ml","https://medex.com.bd/brands/29280/xoferon-100-mg-iv-injection"
"26977","Xone-3","IV Injection","1 gm/vial","https://medex.com.bd/brands/26977/xone-3-1-gm-injection"
"32208","Xorel","Tablet (Enteric Coated)","10 mg","https://medex.com.bd/brands/32208/xorel-10-mg-ec-tablet"
"95","Xpain","Tablet","100 mg","https://medex.com.bd/brands/95/xpain-100-mg-tablet"
"7842","Xpotil","Powder for Suspension","40 mg/5 ml","https://medex.com.bd/brands/7842/xpotil-40-mg-powder-for-suspension"
"10545","Xpa","Tablet","500 mg","https://medex.com.bd/brands/10545/xpa-500-mg-tablet"
"10546","Xpa XR","Tablet (Extended Release)","665 mg","https://medex.com.bd/brands/10546/xpa-xr-665-mg-xr-tablet"
"10547","Xpa","Oral Suspension","120 mg/5 ml","https://medex.com.bd/brands/10547/xpa-120-mg-oral-suspension"
"10548","Xpa","Pediatric Drops","80 mg/ml","https://medex.com.bd/brands/10548/xpa-80-mg-pediatric-drop"
"10550","Xpa","Suppository","250 mg","https://medex.com.bd/brands/10550/xpa-250-mg-suppository"
"10551","Xpa","Suppository","500 mg","https://medex.com.bd/brands/10551/xpa-500-mg-suppository"
"10633","Xpa-C","Tablet","500 mg+65 mg","https://medex.com.bd/brands/10633/xpa-c-500-mg-tablet"
"28743","Xperia Gold","Tablet","","https://medex.com.bd/brands/28743/xperia-gold-tablet"
"30508","Xpos","Tablet (Delayed Release)","100 mg","https://medex.com.bd/brands/30508/xpos-100-mg-dr-tablet"
"16366","Xtabac","Tablet","100 mg+62.5 mg","https://medex.com.bd/brands/16366/xtabac-100-mg-tablet"
"37485","Xtreme 3 in 1","Condom","","https://medex.com.bd/brands/37485/xtreme-3-in-1-condom"
"37484","Xtreme Ultra Thin","Condom","","https://medex.com.bd/brands/37484/xtreme-ultra-thin-condom"
"31528","Xtracal OT","Tablet","400 mg","https://medex.com.bd/brands/31528/xtracal-ot-400-mg-tablet"
"28745","Xtracal-M","Tablet","","https://medex.com.bd/brands/28745/xtracal-m-tablet"
"18682","Xtrapime","IV Injection","2 gm/vial","https://medex.com.bd/brands/18682/xtrapime-2-gm-injection"
"18681","Xtrapime","IM/IV Injection","1 gm/vial","https://medex.com.bd/brands/18681/xtrapime-1-gm-imiv-injection"
"18680","Xtrapime","IM/IV Injection","500 mg/vial","https://medex.com.bd/brands/18680/xtrapime-500-mg-imiv-injection"
"17402","Xtrafen SR","Tablet (Sustained Release)","200 mg","https://medex.com.bd/brands/17402/xtrafen-sr-200-mg-sr-tablet"
"17401","Xtrafen","Tablet","100 mg","https://medex.com.bd/brands/17401/xtrafen-100-mg-tablet"
"6669","Xtramox","Capsule","250 mg","https://medex.com.bd/brands/6669/xtramox-250-mg-capsule"
"13420","Xvit","Capsule","","https://medex.com.bd/brands/13420/xvit-capsule"
"30026","Xyflo","Chewable Tablet","4 mg","https://medex.com.bd/brands/30026/xyflo-4-mg-chewable-tablet"
"16295","Xylo Plus","Nasal Spray","(2.6 mg+0.0325 mg)/spray","https://medex.com.bd/brands/16295/xylo-plus-26-mg-nasal-spray"
"16296","Xylomet Plus","Nasal Spray","(2.6 mg+0.0325 mg)/spray","https://medex.com.bd/brands/16296/xylomet-plus-26-mg-nasal-spray"
"18763","Xylocef","Capsule","200 mg","https://medex.com.bd/brands/18763/xylocef-200-mg-capsule"
"18764","Xylocef","Powder for Suspension","100 mg/5 ml","https://medex.com.bd/brands/18764/xylocef-100-mg-powder-for-suspension"
"21716","Xylogel","Gel","2%","https://medex.com.bd/brands/21716/xylogel-2-gel"
"22638","Xyflo","Chewable Tablet","5 mg","https://medex.com.bd/brands/22638/xyflo-5-mg-chewable-tablet"
"22639","Xyflo","Tablet","10 mg","https://medex.com.bd/brands/22639/xyflo-10-mg-tablet"
"39669","Xypraz","Tablet","10 mg","https://medex.com.bd/brands/39669/xypraz-10-mg-tablet"
"31508","Xylistin","IM/IV Injection","4.5 MIU (150 mg)","https://medex.com.bd/brands/31508/xylistin-45-miu-imiv-injection"
"31878","Xynor","Tablet","500 mg","https://medex.com.bd/brands/31878/xynor-500-mg-tablet"
"16553","Xzema","Cream","2%+0.1%","https://medex.com.bd/brands/16553/xzema-2-01-cream"
"27691","Yohim","Tablet","5.4 mg","https://medex.com.bd/brands/27691/yohim-54-mg-tablet"
"27949","Yogra","Tablet","50 mg","https://medex.com.bd/brands/27949/yogra-50-mg-tablet"
"27950","Yogra","Tablet","100 mg","https://medex.com.bd/brands/27950/yogra-100-mg-tablet"
"31658","Yorex","Tablet","5.4 mg","https://medex.com.bd/brands/31658/yorex-54-mg-tablet"
"34642","Yonex","IM/IV Injection","4.5 MIU (150 mg)","https://medex.com.bd/brands/34642/yonex-45-miu-imiv-injection"
"36975","Yover","Tablet","5.4 mg","https://medex.com.bd/brands/36975/yover-54-mg-tablet"
"34643","Yulipris","Tablet","5 mg","https://medex.com.bd/brands/34643/yulipris-5-mg-tablet"
"37570","Zacort","Tablet","6 mg","https://medex.com.bd/brands/37570/zacort-6-mg-tablet"
"34440","Zandra","IV Infusion","5 mg/100 ml","https://medex.com.bd/brands/34440/zandra-5-mg-iv-infusion"
"34852","Zaluta","Tablet","40 mg","https://medex.com.bd/brands/34852/zaluta-40-mg-tablet"
"35459","Zarzio","IV/SC Injection","300 mcg/0.5 ml","https://medex.com.bd/brands/35459/zarzio-300-mcg-injection"
"35983","Zainarq-Jayson","Syrup","","https://medex.com.bd/brands/35983/zainarq-jayson-syrup"
"36327","Zasper","Capsule (Enteric Coated)","20 mg","https://medex.com.bd/brands/36327/zasper-20-mg-ec-capsule"
"36328","Zasper","Capsule (Enteric Coated)","40 mg","https://medex.com.bd/brands/36328/zasper-40-mg-ec-capsule"
"36329","Zasper","IV Injection","40 mg/vial","https://medex.com.bd/brands/36329/zasper-40-mg-injection"
"39717","Zantox","Capsule","25 mg+5 mg","https://medex.com.bd/brands/39717/zantox-25-mg-capsule"
"39301","Zalain","Cream","2%","https://medex.com.bd/brands/39301/zalain-2-cream"
"39731","Zaveg","Nasal Spray","10 mg/spray","https://medex.com.bd/brands/39731/zaveg-10-mg-nasal-spray"
"14704","Zbvit","Syrup","","https://medex.com.bd/brands/14704/zbvit-syrup"
"30839","Zdiplex ZI","Syrup","(25 mcg+100 mg+1 mg)/5 ml","https://medex.com.bd/brands/30839/zdiplex-zi-25-mcg-syrup"
"30045","Zeromig","Tablet","1.5 mg","https://medex.com.bd/brands/30045/zeromig-15-mg-tablet"
"29629","Zelanex","Ophthalmic Solution","0.05%","https://medex.com.bd/brands/29629/zelanex-005-eye-drop"
"29890","Zerocal","Oral Powder","12 mg/sachet","https://medex.com.bd/brands/29890/zerocal-12-mg-oral-powder"
"30027","Zenocin","Cream","1% w/w","https://medex.com.bd/brands/30027/zenocin-1-w-cream"
"30043","Zeefol AZ","Tablet","","https://medex.com.bd/brands/30043/zeefol-az-tablet"
"30997","Zerotil Plus","Tablet","250 mg+62.5 mg","https://medex.com.bd/brands/30997/zerotil-plus-250-mg-tablet"
"30445","Zerotil","Powder for Suspension","125 mg/5 ml","https://medex.com.bd/brands/30445/zerotil-125-mg-powder-for-suspension"
"30444","Zerotil","Tablet","500 mg","https://medex.com.bd/brands/30444/zerotil-500-mg-tablet"
"30998","Zerotil Plus","Tablet","500 mg+125 mg","https://medex.com.bd/brands/30998/zerotil-plus-500-mg-tablet"
"31592","ZFC","Capsule (Timed Release)","50 mg+0.50 mg+61.80 mg","https://medex.com.bd/brands/31592/zfc-50-mg-tr-capsule"
"25644","Zixin","Tablet","500 mg","https://medex.com.bd/brands/25644/zixin-500-mg-tablet"
"14819","Ziska Oral Saline","Oral Powder","10.25 gm","https://medex.com.bd/brands/14819/ziska-oral-saline-1025-gm-oral-powder"
"15692","Zibac","Ophthalmic Solution","1%","https://medex.com.bd/brands/15692/zibac-1-eye-drop"
"15694","Zita","Ophthalmic Solution","1%","https://medex.com.bd/brands/15694/zita-1-eye-drop"
"18021","Zilsart","Tablet","40 mg","https://medex.com.bd/brands/18021/zilsart-40-mg-tablet"
"19295","Zistacin","Tablet","4 mg","https://medex.com.bd/brands/19295/zistacin-4-mg-tablet"
"25401","Zicolin","Capsule","60 mg+30 mg+6 mg+2 mg+15 mg","https://medex.com.bd/brands/25401/zicolin-60-mg-capsule"
"28302","Zixol","Syrup","10 mg/5 ml","https://medex.com.bd/brands/28302/zixol-10-mg-syrup"
"14636","ZMS","Syrup","10 mg/5 ml","https://medex.com.bd/brands/14636/zms-10-mg-syrup"
"14637","Zn","Syrup","10 mg/5 ml","https://medex.com.bd/brands/14637/zn-10-mg-syrup"
"14671","ZnF","Tablet","5 mg+20 mg","https://medex.com.bd/brands/14671/znf-5-mg-tablet"
"14714","Zn-B","Syrup","","https://medex.com.bd/brands/14714/zn-b-syrup"
"32279","Zopanib","Tablet","200 mg","https://medex.com.bd/brands/32279/zopanib-200-mg-tablet"
"30900","Zo-MUPS","MUPS Tablet","40 mg","https://medex.com.bd/brands/30900/zo-mups-40-mg-mups-table"
"31009","Zonyra","Cream","0.005%","https://medex.com.bd/brands/31009/zonyra-0005-cream"
"31014","Zolium XR","Tablet (Extended Release)","2 mg","https://medex.com.bd/brands/31014/zolium-xr-2-mg-xr-tablet"
"32780","Zolvo","Tablet","200 mg","https://medex.com.bd/brands/32780/zolvo-200-mg-tablet"
"32779","Zolvo","Tablet","50 mg","https://medex.com.bd/brands/32779/zolvo-50-mg-tablet"
"32569","Zolopt BR","Ophthalmic Suspension","1%+0.2%","https://medex.com.bd/brands/32569/zolopt-br-1-02-ophthalmic-suspension"
"32781","Zolvo","Powder for Suspension","200 mg/5 ml","https://medex.com.bd/brands/32781/zolvo-200-mg-powder-for-suspension"
"14639","ZS","Syrup","10 mg/5 ml","https://medex.com.bd/brands/14639/zs-10-mg-syrup"
"1260","Zuvas","Tablet","10 mg","https://medex.com.bd/brands/1260/zuvas-10-mg-tablet"
"8515","Zuracin","Powder for Suspension","125 mg/5 ml","https://medex.com.bd/brands/8515/zuracin-125-mg-powder-for-suspension"
"8748","Zunami","Tablet","500 mg","https://medex.com.bd/brands/8748/zunami-500-mg-tablet"
"12513","Zunex","Cream","5% w/w","https://medex.com.bd/brands/12513/zunex-5-w-cream"
"24713","Zulfidin","Tablet","500 mg","https://medex.com.bd/brands/24713/zulfidin-500-mg-tablet"
"35933","Zukaria","Sublingual Tablet","5 mg","https://medex.com.bd/brands/35933/zukaria-5-mg-sublingual-tablet"
"37026","Zultan","Ophthalmic Solution","0.024%","https://medex.com.bd/brands/37026/zultan-0024-eye-drop"
"37203","Zurid","Syrup","","https://medex.com.bd/brands/37203/zurid-syrup"
"35943","Zylopen","Tablet","875 mg+125 mg","https://medex.com.bd/brands/35943/zylopen-875-mg-tablet"
"30406","Zymet Pro","Capsule","325 mg","https://medex.com.bd/brands/30406/zymet-pro-325-mg-capsule"
"30683","Zybex SR","Tablet (Sustained Release)","150 mg","https://medex.com.bd/brands/30683/zybex-sr-150-mg-sr-tablet"
"31435","Zypred","Ophthalmic Suspension","0.5%+0.3%","https://medex.com.bd/brands/31435/zypred-05-03-ophthalmic-suspension"
"34644","Zyterone","Tablet","250 mg","https://medex.com.bd/brands/34644/zyterone-250-mg-tablet"
"35941","Zylopen","Tablet","500 mg+125 mg","https://medex.com.bd/brands/35941/zylopen-500-mg-tablet"
"35942","Zylopen","Tablet","250 mg+125 mg","https://medex.com.bd/brands/35942/zylopen-250-mg-tablet"
"36744","Zyrolin","IV Infusion","2 mg/ml","https://medex.com.bd/brands/36744/zyrolin-2-mg-iv-infusion"
"37461","Zytix","Tablet","500 mg","https://medex.com.bd/brands/37461/zytix-500-mg-tablet"
"36745","Zyrolin","Powder for Suspension","100 mg/5 ml","https://medex.com.bd/brands/36745/zyrolin-100-mg-powder-for-suspension"
"28430","Zymar","Ophthalmic Solution","0.3%","https://medex.com.bd/brands/28430/zymar-03-eye-drop"
"36743","Zyrolin","Tablet","600 mg","https://medex.com.bd/brands/36743/zyrolin-600-mg-tablet"
